,0.001,0.011,0.021,0.031,0.041,0.051,0.061,0.071,0.081,0.091,0.101
0,1.48,369.55,663.99,745.51,862.26,915.58,966.05,935.21,989.2,1000.36,1038.28
1,1.5,377.28,664.07,825.32,844.67,943.77,966.85,973.53,999.82,956.37,1007.56
2,1.68,423.72,723.68,808.16,842.82,920.49,946.79,1003.49,1007.43,1019.38,1019.37
3,1.68,382.55,662.76,806.44,874.28,903.81,937.03,933.79,957.61,991.29,988.08
4,1.17,246.6,592.49,711.41,818.83,836.69,806.53,965.03,977.61,947.12,1007.02
5,1.24,394.3,690.61,805.95,872.26,868.6,936.79,915.29,956.85,1008.33,997.02
6,1.76,438.27,695.6,793.48,888.59,885.99,918.67,956.44,945.49,979.14,1007.41
7,1.14,249.67,522.52,632.44,723.62,759.01,835.99,874.19,958.4,927.49,966.54
8,1.45,351.37,666.15,778.98,790.33,854.7,916.96,913.56,968.86,1009.47,987.78
9,1.63,379.87,674.06,816.53,882.01,921.74,957.69,964.63,986.98,1018.31,1030.15
10,1.39,387.54,666.52,770.42,854.1,885.05,945.46,923.27,968.4,958.25,1017.28
11,1.48,322.35,608.81,752.74,833.93,897.28,925.9,983.71,966.8,977.58,1005.85
12,1.39,387.15,650.17,798.43,872.18,897.06,934.29,965.4,977.82,1028.58,1006.89
13,1.52,423.4,666.24,776.2,873.75,933.1,937.85,964.82,997.29,1029.24,1006.79
14,1.44,337.97,609.5,778.29,837.26,902.82,927.71,964.29,985.71,988.62,977.58
15,2.29,474.03,720.9,828.19,882.49,944.62,965.54,974.64,986.65,1028.54,1029.39
16,1.19,202.98,500.28,675.57,789.75,703.9,927.95,884.92,876.46,907.37,944.56
17,1.26,372.98,622.72,777.49,867.79,877.86,915.54,973.27,945.37,988.6,1006.82
18,1.63,419.76,681.53,779.88,898.59,905.9,928.55,953.16,987.79,1016.82,956.85
19,1.5,300.61,632.19,762.64,846.37,908.2,967.59,982.96,943.99,990.11,976.97
20,1.95,425.49,717.5,798.02,890.57,924.73,950.87,963.62,996.41,1028.55,1026.45
21,1.39,367.23,606.96,712.01,825.44,856.43,917.71,953.92,956.77,988.42,994.65
22,1.81,462.56,702.82,842.88,899.72,933.77,967.19,984.13,1017.13,1019.59,1039.46
23,2.06,426.41,727.67,822.07,868.76,924.68,937.0,964.67,988.96,1007.93,987.61
24,1.45,317.79,643.85,726.76,865.38,878.25,945.85,913.35,946.63,998.77,1009.05
25,1.05,125.37,423.52,457.3,594.34,597.0,710.1,772.78,700.66,834.57,882.24
26,1.48,347.9,639.53,805.86,791.08,924.67,954.92,975.4,925.91,1001.04,978.2
27,1.31,294.32,607.7,693.29,809.01,902.8,887.83,943.69,906.88,916.5,966.63
28,1.18,242.07,515.94,620.16,752.92,828.65,866.11,904.65,874.76,916.24,956.03
29,1.61,385.09,697.85,754.86,892.11,924.92,957.78,975.45,988.1,988.34,987.2
30,1.43,390.32,657.95,732.3,870.46,884.41,947.56,944.06,967.31,1019.04,1027.7
31,1.1,163.39,349.23,455.39,623.16,644.59,690.92,712.21,855.27,834.63,842.35
32,1.3,263.1,468.94,630.1,733.11,788.72,877.81,862.68,916.24,957.62,987.46
33,1.44,388.51,643.63,754.23,844.7,868.76,896.73,914.81,1008.84,989.81,966.81
34,1.02,57.68,175.29,271.07,307.2,375.94,385.57,473.87,470.22,567.56,478.1
35,1.01,78.13,134.28,256.77,213.63,358.21,553.32,482.4,448.72,422.23,665.84
36,1.03,52.25,117.56,308.51,325.98,423.79,454.96,413.16,500.7,620.04,582.53
37,1.74,340.93,678.74,780.79,845.17,942.93,974.54,974.33,947.38,988.59,1028.57
38,1.62,417.99,745.32,813.21,845.71,942.36,937.51,962.43,989.06,999.57,1028.5
39,1.69,418.95,685.92,803.41,855.53,915.44,977.38,975.04,997.36,1007.99,1027.66
40,1.75,463.14,735.09,830.67,920.21,915.28,974.57,994.81,988.76,1029.86,1028.91
41,2.1,488.02,743.25,840.23,910.78,923.2,946.14,982.04,1006.8,1029.38,1038.81
42,1.31,279.65,532.34,700.24,769.19,856.53,917.36,925.29,945.64,939.56,976.81
43,1.27,332.31,652.48,761.96,845.76,888.0,936.96,965.5,885.71,978.18,1018.38
44,1.46,423.92,727.04,824.3,872.58,924.95,959.1,962.3,998.88,1008.25,1039.37
45,1.68,430.56,694.74,831.67,882.8,943.03,938.2,963.82,1007.93,1008.1,1016.95
46,1.05,197.18,516.46,654.43,760.45,876.33,747.91,885.67,948.75,937.67,1007.0
47,1.21,233.85,520.15,674.62,806.2,770.39,908.23,863.64,875.82,935.07,965.52
48,1.68,449.37,726.42,823.46,900.98,963.25,976.32,931.81,1017.89,1009.91,1040.37
49,1.58,419.5,702.58,762.32,873.04,904.69,946.42,984.37,988.65,1008.95,996.46
50,1.32,410.68,663.8,823.82,837.09,867.42,907.01,953.45,947.23,999.42,1029.17
51,1.48,423.1,701.41,816.17,872.63,933.16,956.83,992.91,956.75,1028.98,1027.28
52,1.02,111.66,289.44,325.97,482.98,595.41,593.32,643.01,784.8,802.68,842.25
53,1.56,434.19,693.44,838.66,862.2,906.18,955.98,982.84,1007.22,999.39,1016.77
54,1.23,337.49,622.26,761.93,864.95,857.45,915.98,964.27,946.01,1018.78,997.04
55,1.72,446.65,700.32,839.36,870.45,952.71,963.27,974.45,967.61,1007.35,1016.63
56,1.42,360.54,663.67,778.64,890.85,894.44,947.38,994.33,995.55,1009.24,987.31
57,1.88,376.78,664.75,804.2,889.79,913.75,956.52,973.7,978.2,1007.94,1028.51
58,1.36,354.07,649.06,786.52,855.0,882.87,896.85,955.08,946.22,999.05,1027.39
59,1.06,106.36,313.35,465.47,632.35,607.27,749.16,732.54,785.33,854.5,853.27
60,1.16,242.07,517.36,691.8,778.96,847.46,837.73,915.79,957.77,936.04,956.43
61,1.47,405.7,709.29,833.0,862.96,923.64,948.12,934.22,997.94,988.68,1028.26
62,1.19,227.67,537.39,707.86,827.12,798.87,879.5,893.76,966.73,936.22,1018.12
63,1.36,378.25,632.73,777.85,846.45,923.72,908.0,962.86,956.37,955.39,996.52
64,1.43,330.42,616.73,736.95,842.97,857.0,925.23,935.44,966.5,1018.86,1017.3
65,1.27,331.64,673.86,751.85,817.35,885.27,917.57,976.31,967.73,946.99,985.74
66,1.29,250.42,542.61,664.66,808.71,826.07,927.46,941.27,957.03,977.04,955.03
67,1.32,338.58,581.43,768.53,862.96,875.38,945.09,924.77,966.11,937.76,1017.66
68,1.52,357.46,642.32,831.37,835.21,914.32,946.66,964.66,977.49,977.95,1017.46
69,1.65,360.85,672.27,752.42,844.07,924.56,936.44,923.55,987.32,987.85,986.75
70,1.22,311.83,650.08,676.02,789.04,864.56,887.11,946.88,947.75,947.84,988.09
71,1.7,390.61,708.27,823.82,915.9,925.23,927.13,994.9,979.52,1012.46,996.44
72,1.73,264.46,604.5,822.81,863.26,894.22,897.06,983.64,987.05,1009.4,996.08
73,1.56,390.16,667.05,786.7,854.05,876.16,928.75,964.09,967.26,1008.98,1008.95
74,1.15,255.54,515.26,675.35,798.11,865.67,838.92,964.62,917.24,915.12,997.27
75,1.76,435.06,723.17,821.72,901.35,933.67,967.25,973.88,1018.59,996.89,1028.6
76,1.23,248.6,561.68,661.94,791.27,826.39,897.09,866.0,947.99,970.22,945.79
77,1.21,327.05,600.2,701.43,818.12,769.06,908.01,894.75,925.7,966.5,1038.87
78,1.21,255.75,547.99,728.26,816.45,837.04,907.37,924.81,937.11,978.49,967.21
79,1.47,386.87,636.85,789.46,873.58,895.86,908.35,954.07,997.41,999.39,1026.84
80,1.68,390.47,679.98,787.2,888.21,893.1,919.76,974.47,977.63,1019.08,1006.82
81,1.42,328.68,683.9,760.39,890.24,888.31,927.54,933.74,957.82,1019.16,1006.82
82,1.08,194.57,453.95,604.91,708.25,781.37,789.9,884.41,855.94,906.44,914.42
83,1.36,308.87,632.4,771.8,760.25,849.53,919.11,963.68,966.55,990.02,976.51
84,1.28,352.65,657.18,796.5,853.5,857.56,926.79,985.85,958.57,987.6,997.17
85,1.12,272.08,633.12,664.69,788.63,847.04,928.72,893.15,904.35,947.7,988.54
86,1.11,202.65,468.75,566.27,751.28,817.53,768.18,872.73,846.14,946.78,904.33
87,1.24,263.15,579.44,780.38,769.74,837.33,898.17,892.09,957.57,988.34,986.52
88,1.1,217.14,514.49,640.79,734.03,829.17,868.54,873.88,975.87,926.99,975.85
89,1.37,363.24,670.7,726.8,827.78,914.63,878.26,963.92,956.32,987.21,1029.66
90,1.18,238.91,639.2,694.94,846.01,798.71,878.94,884.44,947.71,946.77,997.84
91,1.22,262.27,615.72,706.56,817.84,836.23,907.86,904.4,965.48,905.5,944.87
92,1.38,256.78,555.48,770.69,835.64,856.07,877.97,924.13,997.56,1007.97,986.32
93,1.54,378.65,630.56,812.63,872.62,924.2,957.11,973.35,1000.26,968.27,986.51
94,1.08,221.82,422.28,569.45,669.01,693.45,811.48,812.87,795.57,804.49,945.05
95,1.04,202.09,440.18,534.06,743.35,779.65,838.04,854.38,916.26,884.83,965.52
96,1.04,126.01,242.15,491.78,565.47,597.21,631.53,683.12,693.36,720.85,873.19
97,1.04,57.3,313.57,463.96,579.73,694.6,719.69,772.88,784.51,803.16,873.41
98,1.07,167.87,392.63,567.81,613.47,740.56,729.99,863.44,875.3,867.04,954.26
99,1.05,101.13,327.71,508.4,612.71,617.06,711.88,853.99,844.91,751.25,862.04
100,1.17,296.26,626.42,719.98,827.85,839.09,948.34,913.62,946.89,967.17,946.92
101,1.04,90.44,343.56,454.41,538.91,637.1,680.21,722.02,753.2,834.81,851.97
102,1.2,218.07,408.24,559.31,696.93,750.95,790.63,864.6,874.86,883.98,933.92
103,1.29,342.62,601.25,715.09,827.24,848.02,917.0,972.98,978.09,979.04,998.42
104,2.8,444.01,690.83,847.57,890.62,942.15,967.9,985.11,1008.09,1008.83,1006.98
105,1.64,391.91,654.19,789.42,892.09,933.11,929.47,984.79,958.12,990.3,1008.17
106,1.33,368.2,600.96,753.7,818.86,931.2,908.0,965.93,958.55,987.97,957.11
107,1.16,231.5,568.04,682.34,779.79,771.42,819.44,913.65,857.44,926.62,914.37
108,1.06,124.21,290.35,396.45,447.34,547.9,732.17,694.76,713.87,732.15,768.87
109,1.22,236.79,523.94,692.12,781.08,847.12,916.57,884.31,874.53,978.57,967.08
110,1.03,75.87,140.59,280.59,307.0,405.96,533.27,513.21,510.92,596.34,529.85
111,1.31,365.7,607.24,762.79,852.99,921.45,927.85,943.97,988.61,1007.5,987.66
112,1.24,262.34,596.0,726.32,797.51,903.1,937.75,952.68,977.25,975.68,976.23
113,1.16,139.14,414.39,613.77,677.68,797.31,849.24,851.96,864.73,948.62,988.03
114,1.22,258.9,545.56,735.1,790.52,865.69,849.53,946.27,957.17,969.04,998.55
115,1.97,447.86,719.07,823.46,872.94,933.04,965.22,965.83,987.91,1008.18,1017.43
116,1.35,274.89,582.25,729.72,826.27,896.01,927.36,924.1,957.2,1009.32,998.41
117,1.1,160.88,445.11,648.58,780.72,787.88,837.9,863.88,906.23,905.71,925.52
118,1.24,214.88,514.3,719.13,742.58,768.13,848.55,873.22,915.64,936.74,965.87
119,1.5,377.28,728.13,839.63,881.12,934.6,935.27,984.2,988.71,988.41,1017.59
120,1.38,241.15,562.01,630.4,814.64,845.94,915.5,914.51,917.84,968.2,1006.62
121,1.34,269.94,617.21,717.16,881.09,844.42,906.09,891.82,977.28,955.87,987.83
122,1.02,156.7,374.42,466.28,602.85,673.64,672.39,693.72,814.97,825.15,852.31
123,1.51,353.71,632.99,784.58,837.44,875.83,935.97,924.26,947.57,987.94,1028.6
124,1.32,288.05,624.51,692.53,844.75,797.19,900.03,944.24,927.64,957.02,997.61
125,1.05,84.42,281.41,386.22,531.28,598.07,592.08,694.76,662.63,752.8,780.3
126,1.27,395.13,633.16,709.15,754.33,906.02,926.59,944.09,988.94,997.23,955.74
127,1.84,434.43,741.79,823.14,871.71,932.55,915.67,984.89,988.22,1009.55,1008.17
128,1.19,170.05,485.66,619.97,761.92,808.75,819.5,823.54,896.4,936.81,944.25
129,1.21,256.21,541.8,648.09,790.78,808.76,888.01,893.46,954.38,997.56,987.81
130,1.42,342.35,635.11,761.69,851.12,892.83,958.31,985.46,958.01,977.2,996.68
131,1.17,248.2,510.36,700.47,788.51,892.66,876.25,913.75,987.87,946.29,998.51
132,1.33,305.71,659.66,734.57,809.02,875.94,928.59,902.74,986.25,1009.22,995.92
133,1.71,424.77,694.06,807.76,900.73,936.17,947.17,993.12,998.67,1008.34,997.93
134,1.89,402.32,694.47,850.9,881.56,923.96,976.99,974.93,1008.42,1019.37,1038.92
135,1.17,230.3,530.44,710.27,779.06,876.09,909.03,914.71,957.67,966.28,1017.79
136,1.8,391.89,715.57,814.82,861.65,923.9,966.42,965.97,946.58,1008.06,1017.37
137,1.13,178.09,383.02,497.51,591.92,656.02,749.63,732.65,866.32,813.92,894.37
138,1.05,145.21,289.24,491.92,660.27,626.22,720.04,824.59,795.04,812.01,852.14
139,1.57,412.71,645.44,834.08,881.37,902.2,965.36,993.93,977.14,1029.56,1028.67
140,1.26,254.07,555.83,604.65,800.08,751.2,849.15,894.46,877.01,927.89,914.67
141,1.56,388.32,712.16,764.37,844.74,923.03,918.11,954.73,967.21,1007.9,1037.92
142,1.5,416.63,680.57,777.68,855.34,906.76,956.45,935.5,996.34,996.73,1026.91
143,1.13,148.63,401.43,640.35,733.53,798.9,787.09,813.05,866.84,895.49,925.31
144,1.3,374.95,606.77,762.36,790.93,848.0,937.6,931.97,938.63,965.54,1016.49
145,1.73,340.19,663.16,804.57,883.48,933.06,945.04,951.49,997.73,977.48,975.01
146,1.6,355.45,624.78,797.55,834.85,901.51,966.78,985.37,997.48,1018.21,1008.38
147,1.33,308.24,553.51,666.25,743.5,815.58,916.74,944.46,905.46,926.89,966.36
148,1.18,261.61,575.16,719.42,824.84,873.56,889.36,884.25,927.93,979.17,997.92
149,1.39,408.87,622.94,769.92,872.79,952.64,936.59,953.28,946.74,989.3,997.08
150,1.03,91.73,242.56,522.92,445.02,480.08,581.74,592.93,714.49,751.5,737.55
151,1.61,335.81,663.1,787.59,871.89,907.15,895.53,944.84,968.44,1008.39,987.12
152,1.38,365.94,571.63,781.02,800.21,892.66,850.07,925.74,987.71,967.31,997.73
153,1.04,150.18,344.99,440.37,567.47,662.74,691.93,744.19,712.29,814.19,862.33
154,1.27,317.94,666.33,778.55,778.47,877.45,935.38,993.4,988.69,976.86,1017.38
155,1.11,212.55,462.96,570.11,670.02,797.49,780.52,862.62,877.61,977.87,937.12
156,1.26,327.75,556.18,675.71,806.95,846.17,946.35,956.93,977.59,917.19,987.88
157,1.26,229.77,496.1,717.29,732.19,845.37,887.21,903.81,968.75,979.45,965.1
158,1.05,117.59,334.95,534.47,603.16,645.85,672.66,773.07,772.92,731.14,780.07
159,1.12,113.1,276.13,324.71,502.63,587.83,484.2,684.18,673.38,793.34,800.34
160,1.13,220.5,533.4,692.15,751.19,882.11,867.86,953.52,936.28,914.55,996.54
161,1.23,275.17,554.78,763.84,770.23,838.13,906.93,955.19,905.15,937.14,985.7
162,1.17,212.22,571.45,682.95,819.17,828.49,859.26,844.17,884.92,906.13,996.33
163,1.12,193.13,405.26,631.06,722.29,800.0,789.38,872.69,904.95,926.74,935.61
164,1.26,311.03,509.68,735.01,754.0,902.45,907.76,963.87,988.69,997.15,984.97
165,1.2,265.12,533.18,648.21,798.47,799.52,876.32,922.23,957.23,947.93,935.01
166,1.18,214.93,524.32,699.91,779.73,863.29,856.82,903.05,968.05,875.54,976.0
167,1.33,332.84,679.53,725.15,833.86,866.5,885.93,923.05,957.41,965.44,1018.62
168,1.11,146.74,493.35,527.78,705.37,759.39,799.21,792.61,814.54,895.21,891.18
169,1.14,226.27,352.43,577.68,706.1,732.36,830.2,752.02,895.09,927.08,882.58
170,1.07,113.3,344.29,421.9,529.44,616.37,679.89,754.29,744.68,917.05,789.94
171,1.11,194.32,422.66,646.14,688.57,751.61,788.47,883.07,814.26,907.0,934.18
172,1.05,101.35,226.25,279.71,437.18,463.08,573.57,672.47,723.21,772.58,760.31
173,1.18,211.68,407.3,568.94,659.85,713.65,799.44,885.3,834.26,937.41,894.42
174,1.04,45.68,180.37,289.51,344.26,366.14,484.92,533.86,520.3,566.74,644.7
175,1.41,337.25,691.92,753.83,864.46,809.57,927.23,944.17,987.12,997.06,956.77
176,1.11,119.48,311.19,471.79,593.02,653.39,710.99,763.27,783.68,742.7,840.39
177,1.11,223.94,398.66,535.45,769.99,721.73,847.46,874.92,874.67,947.89,955.57
178,1.09,141.1,492.67,613.73,676.37,712.09,818.1,873.59,946.43,896.86,924.14
179,1.0,73.84,230.04,367.61,473.9,550.22,611.77,664.23,682.1,638.85,842.51
180,1.16,258.65,568.74,743.23,798.66,877.07,876.65,934.58,946.82,926.57,976.06
181,1.72,397.42,658.83,786.99,861.02,913.97,938.22,973.42,948.09,1021.28,1017.57
182,1.52,421.47,678.92,770.64,873.56,933.63,956.93,974.41,1009.26,998.67,998.69
183,1.22,283.0,531.45,663.95,871.17,847.93,866.25,922.97,948.35,956.7,955.47
184,1.66,394.5,703.4,803.37,872.1,905.12,945.82,964.99,987.84,988.43,1028.29
185,1.3,269.91,523.6,727.19,786.58,867.94,888.29,953.44,987.61,967.23,986.85
186,1.19,253.13,522.7,653.63,708.97,778.45,907.96,920.95,916.91,937.24,966.54
187,1.25,285.36,577.88,696.96,762.64,904.6,905.53,934.91,935.84,967.28,988.36
188,1.32,321.84,623.8,770.38,791.43,876.3,957.2,964.76,935.63,967.36,975.89
189,1.1,247.26,505.81,612.8,741.95,750.33,777.67,875.44,895.32,957.99,955.77
190,1.45,326.66,576.89,742.7,834.33,905.83,852.11,934.55,949.43,926.84,996.65
191,1.19,290.2,578.67,723.63,835.31,865.15,897.36,935.85,946.78,987.78,1030.11
192,1.52,398.92,655.46,779.32,806.4,913.09,956.59,996.18,986.09,999.9,1016.2
193,1.41,399.28,640.78,806.83,882.19,931.57,957.16,934.19,965.37,996.26,1017.65
194,1.14,191.1,462.45,639.18,723.96,808.96,839.37,853.75,916.35,895.36,975.31
195,1.72,430.52,719.28,834.4,885.33,945.14,975.72,997.16,997.33,1017.04,1027.93
196,1.28,251.65,615.04,733.91,788.06,934.14,867.15,943.72,937.15,956.32,1027.37
197,1.74,421.12,694.52,794.85,872.79,922.95,916.23,984.54,956.28,1029.39,1039.35
198,1.42,319.0,631.08,691.71,807.71,826.71,925.64,973.22,946.28,957.9,998.03
199,1.38,363.72,679.81,754.18,844.83,876.39,947.82,943.19,956.64,1018.93,976.62
200,1.7,380.05,654.08,813.79,889.65,931.84,977.11,963.39,947.29,999.97,985.95
201,1.33,334.43,577.43,734.54,759.54,905.79,897.47,963.39,978.85,1000.22,1017.64
202,1.21,304.44,657.01,709.13,808.3,884.8,974.44,923.97,947.02,1009.15,976.09
203,1.95,489.43,701.64,822.08,891.21,888.45,957.89,984.25,1008.78,1009.88,1018.14
204,1.61,355.73,665.8,769.86,870.04,953.1,977.09,984.66,996.65,999.32,1020.62
205,1.64,411.27,695.52,798.55,881.07,913.59,946.03,965.23,999.23,1019.33,1018.46
206,1.34,318.03,570.4,754.09,815.86,893.11,925.39,964.5,947.22,978.56,996.72
207,1.27,326.79,608.59,754.77,787.06,809.47,927.86,853.66,938.19,968.27,1005.55
208,1.08,157.41,376.65,598.05,780.4,838.07,837.15,861.97,877.51,968.04,998.1
209,1.6,427.14,687.96,823.19,871.43,913.12,945.93,955.02,996.51,988.99,996.78
210,1.23,354.27,649.22,736.7,787.15,923.71,888.03,944.65,937.78,936.36,967.42
211,1.73,416.91,643.64,786.58,879.03,923.1,959.15,973.69,987.37,956.5,1038.36
212,1.54,370.71,664.55,779.07,854.43,894.99,966.96,973.06,987.32,979.69,1019.36
213,1.44,389.0,677.18,761.11,862.79,926.07,909.5,995.21,1005.91,1018.04,966.96
214,1.4,400.63,710.95,761.46,852.14,944.82,956.62,965.35,956.01,998.8,1019.02
215,1.28,375.18,632.82,799.61,825.12,876.36,968.01,914.68,966.99,967.39,976.83
216,1.27,277.41,590.6,761.84,808.47,836.93,877.74,944.45,926.53,988.99,1009.6
217,1.43,366.96,661.86,788.14,856.49,915.5,968.33,964.34,969.92,977.53,997.79
218,1.68,372.5,680.12,770.0,872.44,924.09,944.99,964.32,1007.69,1007.98,997.94
219,1.15,208.03,522.91,585.55,703.33,702.57,797.81,864.33,884.63,887.51,955.06
220,1.34,267.81,569.66,690.14,788.68,892.81,829.02,892.73,955.71,945.68,976.44
221,1.21,274.38,578.26,777.91,847.62,875.54,927.97,943.13,957.44,967.25,946.36
222,1.1,150.94,374.09,508.64,631.61,721.06,768.35,812.38,875.71,866.18,904.48
223,1.32,140.96,462.01,684.74,704.39,787.51,818.21,885.69,894.99,895.04,923.73
224,1.03,44.95,260.9,403.91,485.03,636.87,758.86,763.71,743.92,865.08,810.54
225,1.01,91.03,213.81,404.32,436.11,433.06,670.75,644.19,641.32,751.13,675.93
226,1.39,319.17,629.52,744.26,845.39,864.59,890.42,944.12,946.34,946.05,1027.7
227,1.32,320.58,563.12,745.24,854.15,887.26,869.17,945.44,947.52,989.68,916.0
228,1.13,145.99,376.88,515.07,539.76,655.36,709.7,733.85,762.37,876.24,893.22
229,1.34,260.28,553.32,764.51,826.13,884.39,907.43,894.49,937.31,977.91,976.91
230,1.36,311.54,649.7,727.45,796.44,828.66,918.79,921.92,916.53,956.2,1029.11
231,1.03,88.29,220.39,368.68,529.61,520.59,592.13,633.31,692.62,741.28,727.97
232,2.31,462.51,663.71,839.27,883.34,963.76,947.35,1004.59,987.31,1008.65,1018.52
233,1.12,235.7,452.34,615.73,725.04,760.53,840.43,885.27,896.1,874.39,966.27
234,1.18,304.4,576.59,737.04,818.74,886.34,947.31,944.45,925.54,978.83,1008.02
235,1.13,133.29,309.26,342.64,518.76,501.36,661.07,633.79,612.05,762.86,830.48
236,1.48,351.94,593.04,779.73,869.26,914.04,946.02,944.33,986.89,997.57,997.96
237,1.26,323.49,605.7,744.67,828.06,896.3,928.94,964.2,999.01,987.52,985.95
238,1.42,320.84,601.89,807.22,826.42,914.49,947.16,942.35,987.93,1020.94,1029.38
239,1.33,371.4,587.03,762.65,834.52,866.19,916.45,945.44,996.15,1019.73,995.7
240,1.75,409.31,709.72,797.66,864.34,895.44,966.13,985.45,977.26,998.67,1018.06
241,1.08,117.67,314.38,550.44,639.63,644.77,721.24,782.98,865.19,772.71,882.58
242,1.54,427.09,677.29,745.55,816.38,913.02,916.26,981.33,967.44,976.9,1008.11
243,1.08,179.48,440.36,682.38,696.13,799.66,819.32,876.07,927.72,937.38,946.24
244,1.19,335.33,655.12,686.63,816.31,877.11,898.25,941.81,896.42,946.25,1008.26
245,1.2,321.84,577.71,697.9,827.21,847.94,887.23,914.11,916.76,936.71,987.54
246,1.05,122.86,243.97,412.57,511.77,655.75,603.82,704.2,601.71,720.65,830.55
247,1.22,271.65,591.72,734.68,825.6,836.96,926.72,955.36,987.49,957.43,987.04
248,1.02,85.98,256.61,448.57,456.7,626.08,600.97,603.27,712.23,761.37,768.65
249,1.3,299.84,584.43,690.88,763.28,847.98,947.03,963.59,936.93,936.66,1016.89
250,1.29,350.54,654.79,743.56,788.35,905.4,937.52,943.45,967.94,998.88,996.82
251,1.13,256.07,500.87,691.03,752.58,790.26,837.69,873.6,959.15,946.74,913.52
252,1.04,45.37,165.83,211.72,361.8,444.55,416.28,603.7,570.96,515.33,551.52
253,1.23,336.12,584.85,716.01,862.94,817.46,917.33,921.2,967.74,978.17,986.28
254,1.5,311.7,628.84,710.07,846.12,914.54,936.22,904.83,987.48,1000.09,1007.01
255,1.35,262.96,570.93,744.29,799.33,827.58,877.88,905.28,905.17,968.93,977.72
256,1.23,295.41,600.82,735.87,855.36,857.06,896.28,874.38,976.16,945.81,1007.41
257,1.1,174.35,409.22,541.94,716.76,722.21,820.49,824.3,887.0,865.52,924.9
258,1.38,336.79,663.87,779.82,861.59,893.02,936.98,973.39,968.65,999.46,997.82
259,1.22,265.69,506.92,612.09,723.68,787.69,819.63,914.92,928.21,978.91,974.57
260,1.04,56.51,165.29,254.2,399.24,357.16,474.83,552.72,540.65,557.17,612.69
261,1.11,163.42,367.36,542.74,649.92,634.64,790.26,823.28,896.69,782.36,872.56
262,1.18,334.31,624.57,743.35,826.89,859.54,926.2,923.0,967.62,976.67,996.96
263,1.2,174.61,510.13,638.7,706.36,730.59,731.48,891.68,906.55,877.22,945.1
264,1.14,164.09,524.72,580.63,678.67,799.21,817.54,883.93,885.52,946.76,956.42
265,1.11,118.8,344.19,597.36,668.51,692.58,771.41,775.73,866.33,822.84,936.15
266,1.28,315.46,608.94,753.79,889.61,884.63,886.96,944.56,967.31,966.55,986.81
267,1.47,365.82,653.85,770.78,863.31,942.8,967.1,984.51,978.06,978.87,1027.1
268,1.38,380.33,687.67,804.5,825.48,914.86,937.02,954.06,977.35,958.65,1017.81
269,1.4,288.03,546.18,764.14,779.72,868.35,897.39,934.41,915.44,997.81,1007.98
270,1.55,373.01,632.01,751.4,880.19,921.13,916.83,964.05,947.69,1031.41,1005.76
271,1.07,150.89,250.31,403.11,575.43,673.97,749.48,722.58,755.27,865.79,874.01
272,1.1,137.76,392.98,524.86,555.55,761.39,739.07,743.93,896.69,946.45,830.9
273,1.53,423.51,715.26,797.02,863.83,868.93,958.01,986.14,970.4,1019.96,1030.2
274,1.2,267.48,585.23,624.09,817.89,799.21,898.31,883.82,967.0,978.79,965.34
275,1.2,309.73,571.15,734.59,808.16,894.56,935.19,953.0,936.34,967.79,986.81
276,1.21,192.58,487.17,589.37,733.92,702.54,808.1,871.94,887.26,978.71,893.7
277,1.18,192.18,525.46,718.45,780.23,886.68,818.77,824.43,929.8,976.75,987.23
278,1.27,184.05,588.01,657.46,816.97,856.75,828.52,923.56,956.07,968.36,965.78
279,1.24,273.05,528.72,743.44,790.04,810.16,828.92,913.67,958.48,957.19,967.08
280,1.02,89.03,335.38,350.99,557.91,443.62,630.53,643.09,774.29,741.92,819.46
281,1.54,373.5,662.01,813.78,845.43,885.51,943.85,975.24,988.03,967.95,1018.06
282,1.09,157.75,295.45,483.75,650.68,645.99,731.8,733.93,772.98,813.8,863.11
283,1.31,346.75,570.04,762.24,836.12,874.73,936.77,933.11,998.32,935.91,1016.81
284,1.31,203.17,425.0,657.84,751.64,837.1,829.67,882.73,897.92,956.27,966.81
285,1.13,207.53,461.02,648.67,714.27,749.99,859.31,883.66,876.4,854.3,924.7
286,1.36,283.79,576.87,772.19,874.65,895.77,957.63,942.44,958.96,998.33,987.29
287,1.14,134.72,399.34,523.82,648.0,606.85,729.88,783.33,744.19,784.91,830.8
288,1.53,401.42,662.19,755.19,857.27,897.02,966.79,985.15,946.06,956.57,1026.85
289,1.26,200.42,470.47,699.29,836.06,827.31,839.68,894.12,926.86,987.33,935.01
290,1.14,292.05,576.66,734.54,826.45,827.65,906.53,913.93,946.81,957.86,986.38
291,1.14,68.1,283.58,376.24,399.54,538.78,602.36,704.78,661.35,721.21,780.55
292,1.27,296.55,611.72,743.28,843.96,875.77,889.87,914.81,957.19,976.53,1017.64
293,1.0,46.9,218.69,237.41,289.05,452.57,485.36,504.38,489.65,608.16,634.58
294,1.06,128.69,383.97,518.0,641.45,674.39,760.48,784.67,846.68,824.26,819.85
295,1.11,176.6,460.94,606.57,689.38,820.29,818.79,823.44,855.34,864.83,913.23
296,1.13,241.08,498.96,648.34,797.38,836.96,927.89,932.64,945.72,945.59,956.94
297,1.06,202.37,486.27,664.8,752.26,749.87,859.96,883.04,947.36,853.34,924.82
298,1.59,422.46,717.49,831.99,889.3,931.13,956.02,973.47,935.41,1008.66,1009.21
299,1.37,325.85,556.17,698.75,778.79,914.64,888.8,923.2,926.53,967.91,933.91
300,1.16,206.41,375.75,628.96,660.54,828.25,798.77,834.56,895.97,885.05,913.56
301,1.05,88.95,172.78,525.37,613.65,559.25,789.54,713.89,796.04,793.6,904.77
302,1.63,373.2,744.6,781.42,901.81,914.62,967.42,971.9,1000.14,998.07,1008.11
303,1.1,50.54,257.52,421.97,530.45,627.05,661.12,554.0,714.19,711.35,830.11
304,1.29,311.71,647.93,728.37,846.18,828.79,929.91,913.38,957.97,947.72,997.0
305,1.34,305.55,541.15,754.43,762.09,831.24,886.99,933.32,988.1,946.78,1028.15
306,1.21,229.22,517.23,675.57,657.55,751.01,896.87,921.88,917.49,916.2,965.6
307,1.45,360.06,618.83,779.44,797.75,885.36,958.04,944.32,997.17,957.61,1006.7
308,1.03,133.59,266.99,465.57,574.53,693.53,759.18,754.01,772.56,792.51,851.16
309,1.05,91.19,313.04,438.34,649.49,704.05,749.58,804.04,864.66,823.28,843.04
310,1.13,182.42,447.2,631.47,696.85,789.87,851.33,882.87,947.24,958.46,934.99
311,1.11,198.82,516.8,629.85,759.99,826.46,919.7,863.3,925.31,957.59,923.82
312,1.51,380.22,592.12,674.53,861.85,885.67,928.36,933.32,976.96,1008.26,1017.63
313,1.59,313.77,656.7,744.5,854.15,914.18,915.68,964.33,948.23,987.84,1007.79
314,1.16,168.66,420.61,682.71,736.18,790.99,898.28,855.71,956.29,916.37,987.4
315,1.33,415.93,678.52,807.09,871.75,912.95,975.9,983.54,1019.01,1008.89,1028.19
316,1.26,296.88,618.05,693.74,759.06,876.2,847.67,933.93,978.6,937.13,955.65
317,1.0,10.81,149.31,280.06,271.0,366.3,454.6,502.93,521.08,525.87,593.21
318,1.06,68.27,174.41,315.92,400.76,491.93,611.55,654.43,541.19,681.67,791.22
319,1.14,118.81,428.4,604.24,714.85,743.11,828.74,825.2,875.04,916.57,913.43
320,1.38,347.02,687.2,744.72,847.02,865.45,957.66,952.29,977.37,996.77,977.47
321,1.33,342.05,683.51,805.85,892.16,903.52,888.43,985.62,976.97,1007.74,978.15
322,1.08,227.32,500.17,702.06,816.82,855.37,956.26,845.84,886.87,926.44,913.48
323,1.4,221.5,485.58,700.18,715.85,856.26,886.2,903.43,957.8,934.74,987.47
324,1.17,326.2,516.81,665.93,800.39,895.9,878.14,933.38,935.73,966.85,985.69
325,1.08,95.07,337.45,500.79,605.75,702.32,780.48,802.33,895.64,844.59,904.64
326,1.49,434.77,651.45,817.25,864.47,942.77,946.55,953.26,997.69,989.47,1018.5
327,1.23,296.68,542.26,711.08,764.11,828.53,848.83,874.0,908.05,946.99,945.88
328,1.45,343.81,655.39,762.9,870.06,942.53,937.13,985.11,996.68,959.34,1028.83
329,1.19,253.14,541.7,746.37,827.44,856.49,858.99,895.33,977.43,947.32,976.35
330,1.3,393.32,654.16,780.87,884.26,925.05,956.68,943.61,997.29,966.42,985.61
331,1.92,418.97,704.57,849.1,901.29,923.2,957.77,994.82,1017.71,989.5,1016.36
332,1.93,471.79,727.41,796.5,899.56,934.11,978.84,943.8,1007.8,1008.01,1038.16
333,1.36,259.72,561.58,674.33,841.13,839.57,897.93,933.68,996.79,956.93,1018.63
334,1.44,361.3,680.64,768.52,853.51,857.43,917.46,953.91,966.63,998.56,1000.13
335,1.26,328.71,601.02,691.7,810.42,789.69,886.08,914.35,947.38,968.38,1016.67
336,1.31,255.21,570.75,640.78,780.17,923.32,928.79,954.71,997.39,987.21,944.38
337,1.2,329.07,567.13,778.93,779.87,808.33,936.69,923.65,978.71,948.04,997.08
338,1.6,307.43,614.88,770.07,871.32,913.57,945.04,984.2,968.63,955.49,1038.48
339,1.34,315.5,579.38,772.3,852.55,875.13,946.47,925.38,955.96,957.66,998.41
340,1.64,401.92,693.09,798.35,862.06,904.65,918.46,964.43,987.62,998.82,1028.27
341,1.01,45.51,257.63,361.64,353.51,502.33,463.93,612.16,651.52,689.48,757.18
342,1.08,150.92,491.82,527.78,726.37,729.87,789.32,852.17,855.55,854.48,934.86
343,1.27,294.07,635.99,760.92,818.15,884.87,916.13,954.75,967.09,987.8,986.04
344,1.03,94.13,201.79,369.01,436.99,501.32,573.95,662.48,743.98,721.69,801.16
345,1.13,275.24,547.48,693.34,826.88,856.67,907.27,943.16,956.5,997.72,987.32
346,1.22,223.01,494.11,770.89,798.96,827.02,858.23,933.55,967.73,956.09,1006.84
347,1.12,187.5,508.71,656.76,696.43,875.64,820.15,793.57,905.74,905.77,933.72
348,1.2,220.63,482.64,638.89,781.21,820.16,889.75,934.37,865.72,917.31,955.57
349,1.12,133.65,368.63,518.63,613.72,710.7,810.49,792.25,835.81,907.89,904.67
350,1.42,345.16,615.44,736.02,854.51,921.08,909.61,973.67,966.85,978.71,998.2
351,1.27,314.9,554.68,699.63,779.83,826.96,877.89,973.52,987.84,978.07,996.79
352,1.23,325.41,560.39,745.35,827.81,827.53,878.29,934.65,905.44,986.19,966.56
353,1.86,419.88,703.12,816.99,909.18,951.98,948.33,985.5,996.55,1030.21,1017.35
354,1.74,430.65,685.79,842.65,898.25,905.39,976.93,973.78,1018.96,1020.12,1007.1
355,1.52,389.71,703.37,850.05,863.29,908.86,966.5,974.52,999.14,999.41,1009.22
356,1.19,290.1,490.74,629.62,744.04,797.06,828.89,913.18,939.77,926.36,914.78
357,1.39,305.7,571.72,760.68,847.51,883.72,925.89,925.31,948.09,959.09,1007.46
358,1.02,177.26,422.33,541.35,741.32,750.85,826.94,801.34,886.72,926.39,946.13
359,1.12,219.62,492.27,613.86,659.13,722.76,848.63,864.41,874.83,804.29,881.36
360,1.3,384.4,655.99,814.06,828.51,936.27,907.84,934.59,979.46,978.1,1017.29
361,1.26,346.61,576.24,718.79,843.54,886.94,907.15,882.99,957.54,978.23,978.23
362,1.22,275.09,530.26,737.59,826.4,873.73,937.1,925.08,957.65,988.41,965.64
363,1.27,309.0,591.23,699.0,863.6,847.96,898.91,943.23,955.99,927.33,1007.25
364,1.18,249.78,523.38,613.03,695.95,835.86,828.08,845.1,937.96,917.51,1007.13
365,1.03,185.42,369.85,541.11,583.76,721.88,778.54,794.57,856.13,752.74,893.61
366,1.72,387.71,703.18,814.93,881.13,902.74,977.28,954.02,955.85,1008.56,976.9
367,1.56,370.2,670.59,814.13,835.59,884.7,947.07,955.05,956.34,1030.61,1016.9
368,1.22,257.22,558.52,683.83,874.44,877.55,868.05,894.06,936.78,998.82,986.06
369,1.16,168.26,311.82,518.37,611.21,703.45,838.9,803.46,785.13,885.2,893.58
370,1.08,375.69,615.35,665.72,863.67,853.43,908.5,913.85,917.29,986.47,957.22
371,1.12,311.13,619.03,779.27,824.58,867.6,887.4,933.42,886.47,987.22,995.4
372,1.31,292.65,564.05,682.55,743.79,858.66,897.07,883.46,907.0,967.7,1018.12
373,1.02,63.07,197.28,219.53,279.6,394.85,522.66,431.91,499.27,504.79,603.67
374,1.06,195.36,443.68,489.32,679.93,751.91,858.61,823.41,845.75,895.65,904.68
375,1.44,376.83,683.5,806.82,872.42,924.81,967.04,964.55,958.52,1029.8,1029.26
376,1.2,235.09,548.31,686.69,724.48,751.45,798.79,853.74,927.8,928.75,934.0
377,1.58,435.73,662.76,822.62,881.55,915.54,956.18,983.34,988.35,997.51,1038.04
378,1.12,155.42,461.14,597.24,566.47,758.83,819.52,924.4,885.64,876.6,872.78
379,1.22,242.12,500.36,682.79,770.95,859.29,858.88,933.54,937.54,916.47,967.03
380,1.5,413.44,674.72,796.93,864.81,943.95,956.0,974.94,977.54,998.36,1005.72
381,1.42,329.87,607.57,761.61,875.51,877.78,927.72,922.67,957.89,977.59,985.97
382,1.19,301.13,571.68,769.79,825.28,885.58,868.96,951.74,927.41,1028.09,976.43
383,1.48,382.23,694.03,744.45,844.44,944.82,947.55,985.89,998.14,998.43,986.61
384,1.56,327.64,634.23,690.68,806.4,905.47,868.23,914.32,954.64,969.56,986.25
385,1.15,332.62,586.17,698.77,713.87,856.09,869.62,954.31,989.36,945.87,1016.89
386,1.35,329.5,632.73,726.03,761.77,885.06,917.22,952.57,956.49,989.04,956.27
387,1.29,244.12,554.5,666.63,815.08,801.59,888.14,934.53,918.22,970.07,975.77
388,1.6,400.09,693.72,829.21,861.8,933.92,945.87,954.55,998.63,1008.76,1028.51
389,1.75,357.03,683.93,784.72,854.44,926.19,938.11,964.27,1008.4,1008.64,1006.71
390,1.33,273.48,580.59,610.4,761.96,896.56,908.01,942.65,956.13,956.51,977.64
391,1.52,346.98,611.68,690.14,846.3,894.88,935.55,932.23,967.33,945.01,997.28
392,1.47,361.69,609.03,758.9,864.86,913.53,926.71,973.89,1009.22,989.1,977.61
393,1.0,139.56,345.19,465.19,445.06,595.42,672.47,674.47,704.24,668.56,841.55
394,1.23,197.4,460.8,675.01,733.76,846.04,908.19,933.63,896.11,967.1,966.14
395,1.53,432.47,717.33,788.02,884.65,924.71,947.23,982.79,1006.98,1009.71,1016.72
396,1.19,221.53,490.38,579.87,705.57,856.63,789.44,915.95,915.38,935.81,956.85
397,1.25,231.22,466.64,657.6,742.9,809.59,858.38,813.77,927.6,875.1,912.75
398,1.34,345.29,517.25,667.85,816.06,837.25,906.21,923.86,946.95,916.55,996.73
399,1.41,261.81,554.19,709.98,790.97,857.5,919.45,924.97,977.25,987.47,997.34
400,1.42,355.03,627.76,805.54,834.39,896.03,968.22,941.95,956.14,1029.5,1005.51
401,1.14,212.41,482.78,597.13,759.96,809.14,869.29,865.23,905.86,946.86,977.7
402,1.11,200.57,430.3,684.17,706.09,787.96,859.89,852.05,926.98,937.07,986.2
403,1.43,324.07,593.48,779.75,868.72,874.64,924.53,953.37,965.91,1008.36,995.83
404,1.12,184.32,429.83,580.06,678.43,703.41,747.88,813.67,914.98,875.08,966.37
405,1.04,129.06,367.7,517.25,594.63,665.36,750.23,842.65,856.33,846.09,809.95
406,1.26,229.18,562.71,753.66,805.26,895.84,857.35,913.01,987.14,916.94,985.56
407,1.33,197.78,536.15,553.52,743.23,782.11,926.44,873.1,959.81,988.64,955.07
408,1.17,331.13,656.29,776.97,834.08,877.33,916.3,992.84,996.14,978.32,997.59
409,1.61,378.39,691.27,821.3,873.2,914.47,915.91,974.5,966.18,1019.38,987.8
410,1.08,261.91,501.03,655.77,776.84,760.57,897.29,893.56,936.03,966.9,913.97
411,1.23,279.06,593.99,719.68,759.98,855.78,896.99,922.64,936.35,946.65,987.31
412,1.25,301.99,618.38,747.22,827.17,835.95,925.26,965.13,978.24,1019.24,996.32
413,1.23,267.95,523.17,664.62,743.08,790.28,936.35,882.35,957.76,936.0,952.55
414,1.44,391.01,679.6,734.45,873.21,922.54,945.67,993.93,998.81,998.1,1015.66
415,1.22,234.36,596.74,621.24,726.28,810.37,918.07,983.39,996.8,967.04,976.46
416,1.21,219.65,517.39,612.98,743.22,780.84,827.82,875.32,905.57,946.79,956.69
417,1.31,213.12,553.54,727.88,779.43,856.18,957.1,893.91,905.09,989.24,955.89
418,1.22,143.17,468.55,646.62,705.8,778.32,829.84,893.85,866.0,937.1,934.49
419,1.63,326.4,601.35,746.25,835.15,865.91,899.46,931.76,968.31,990.07,944.95
420,1.04,141.93,393.42,448.02,650.75,616.51,769.77,791.59,844.64,886.78,902.83
421,1.18,170.53,528.9,602.65,808.29,816.82,878.96,913.54,916.28,916.78,984.32
422,1.08,203.73,478.66,612.86,752.02,760.57,771.29,802.36,845.93,866.56,976.79
423,1.0,43.64,205.2,308.64,306.95,367.33,473.03,543.87,530.83,596.81,634.54
424,1.18,257.84,497.92,787.48,759.04,884.42,888.64,914.24,907.26,968.43,977.54
425,1.28,256.24,522.41,693.1,742.38,788.2,869.26,892.89,967.06,979.23,954.93
426,1.39,243.1,592.52,750.73,789.88,893.97,840.63,934.55,936.01,998.33,977.42
427,1.06,143.12,366.54,525.66,530.0,693.11,798.51,763.11,734.5,873.68,811.69
428,1.43,407.2,686.33,816.02,890.13,916.11,956.17,964.1,997.74,968.73,1008.11
429,1.15,261.13,565.43,743.69,761.55,817.0,889.15,954.26,925.95,967.45,976.95
430,1.32,319.33,604.22,752.18,853.61,838.33,869.12,933.28,946.68,986.29,994.45
431,1.08,184.18,510.3,622.11,715.37,791.52,896.3,873.63,915.93,947.67,997.28
432,1.12,192.92,444.53,675.42,761.22,780.76,868.79,903.08,968.03,966.3,945.32
433,1.57,433.14,684.36,814.89,872.9,951.32,957.64,955.08,968.75,999.5,1005.96
434,1.22,204.54,520.99,630.0,722.41,847.09,811.05,885.9,815.81,905.62,966.38
435,1.05,115.7,298.66,533.97,612.69,682.13,680.26,754.0,794.4,793.24,883.94
436,1.22,235.93,577.17,639.13,772.62,830.57,887.02,912.7,945.76,915.39,986.35
437,1.26,325.12,532.73,673.52,734.91,826.04,917.35,924.2,988.83,1001.08,966.26
438,1.56,317.66,673.07,787.2,872.57,943.66,937.4,984.99,967.09,987.56,1007.39
439,1.1,95.96,274.81,455.52,633.89,645.18,730.57,844.4,854.2,905.13,892.92
440,1.14,300.92,515.18,772.3,862.97,855.72,898.22,915.8,955.8,1007.09,977.25
441,1.08,107.5,312.87,473.58,548.47,598.01,780.76,734.29,824.18,926.75,872.9
442,1.28,291.39,572.39,714.9,871.2,883.33,917.25,965.94,957.29,1007.64,975.36
443,1.34,296.24,625.38,699.66,769.98,807.45,886.6,933.68,977.06,959.32,924.35
444,1.27,236.9,554.01,657.42,724.98,847.78,906.42,895.21,937.52,937.87,1005.96
445,1.44,371.76,710.48,734.78,874.64,964.12,937.55,954.72,998.08,1009.65,975.74
446,1.21,241.79,595.31,737.74,761.69,836.29,897.02,904.13,904.64,989.12,997.87
447,1.03,131.66,376.98,508.39,518.04,674.49,690.34,663.43,753.16,803.32,871.61
448,1.02,73.33,197.25,351.47,476.98,566.82,621.79,554.16,774.24,668.98,789.36
449,1.03,80.82,313.25,350.37,547.74,647.41,661.62,693.14,794.96,833.87,810.16
450,1.34,214.42,577.53,673.59,787.92,866.1,909.14,924.43,916.77,946.36,965.53
451,1.56,383.27,676.42,798.59,863.25,886.18,947.21,983.69,958.39,1019.17,1007.73
452,1.16,147.54,503.59,543.53,677.21,809.17,837.91,842.81,907.46,896.36,934.75
453,1.55,389.03,663.5,771.15,864.75,923.89,917.93,934.9,996.92,1007.59,997.15
454,1.14,187.84,522.43,638.74,743.24,818.49,876.21,853.75,947.09,956.3,965.35
455,1.26,232.09,477.43,612.09,761.25,808.13,904.51,864.23,895.2,948.39,966.4
456,1.3,269.08,601.57,693.43,779.51,846.03,867.11,972.22,948.69,936.6,987.81
457,1.29,327.3,591.89,770.37,874.78,877.6,964.87,946.05,988.09,997.6,1009.07
458,1.14,196.97,391.11,623.04,759.95,820.39,888.5,884.85,917.69,957.37,995.99
459,1.43,345.1,642.05,761.24,872.95,883.89,964.91,983.32,987.84,1018.03,1007.6
460,1.03,87.71,296.89,480.67,466.31,693.35,719.84,743.62,803.97,773.03,809.66
461,1.17,122.99,375.86,482.16,568.5,760.96,768.84,793.65,875.3,885.14,893.99
462,1.07,46.24,225.42,263.68,352.42,482.13,425.05,482.47,571.82,525.23,539.91
463,1.38,295.39,561.58,691.13,789.7,836.28,905.94,933.25,987.74,966.85,954.47
464,1.07,150.99,337.03,526.0,612.01,779.23,798.75,792.1,834.39,824.29,852.66
465,1.27,421.5,609.46,761.69,853.41,924.43,936.27,966.22,966.4,988.12,996.05
466,1.47,336.37,665.95,747.96,918.33,914.69,905.92,975.17,946.32,956.86,1038.89
467,1.58,352.2,664.43,789.18,891.01,906.4,938.27,993.05,967.01,1028.63,1019.0
468,1.06,82.97,312.78,465.24,483.43,597.25,700.95,742.87,773.24,824.27,780.49
469,1.29,372.42,671.8,698.58,818.08,885.18,887.9,974.35,978.22,997.85,985.96
470,1.09,167.35,437.97,623.84,762.28,796.6,908.39,864.22,865.45,917.08,934.38
471,1.41,296.2,546.26,726.53,779.19,865.3,829.48,924.58,896.9,997.73,987.19
472,1.06,138.35,339.92,507.4,558.41,692.79,622.12,692.43,834.65,865.38,821.71
473,1.18,156.6,399.83,569.05,623.11,723.29,809.28,814.81,845.75,824.09,873.95
474,1.23,267.93,548.64,762.46,796.8,875.73,896.32,894.67,906.24,976.18,986.79
475,1.34,196.67,510.97,680.72,807.24,835.56,908.56,892.89,967.48,925.6,964.2
476,1.16,231.01,569.36,596.8,790.74,818.44,829.75,953.99,978.24,1006.86,993.89
477,1.0,80.1,157.4,333.1,522.28,577.98,670.83,652.95,621.33,731.54,841.24
478,1.16,196.34,499.91,656.57,744.28,806.45,857.63,912.15,937.29,967.8,923.99
479,1.17,186.27,523.93,630.51,807.82,846.87,848.96,934.38,904.97,969.55,967.04
480,1.17,256.99,567.3,718.02,751.52,917.22,937.19,932.92,935.95,979.16,1008.85
481,1.08,195.22,376.46,589.29,677.04,780.48,750.96,865.44,915.02,927.54,966.93
482,1.46,304.85,593.12,798.59,863.93,934.05,934.16,963.18,1007.45,966.25,976.95
483,1.33,246.12,604.39,752.61,790.49,904.8,897.9,943.81,937.69,998.53,1007.03
484,1.33,257.9,602.49,762.24,809.01,913.48,916.9,923.9,958.13,988.33,975.11
485,1.26,250.9,564.56,745.74,808.82,865.85,927.89,933.94,914.84,1010.01,1008.97
486,1.19,221.5,608.94,699.78,799.7,827.68,878.47,925.55,884.16,999.92,975.28
487,1.07,83.69,180.68,211.23,353.3,327.46,464.27,583.16,559.85,432.99,727.65
488,1.27,301.75,581.66,698.74,845.21,885.46,927.19,925.03,927.2,987.17,976.7
489,1.04,124.65,326.11,455.89,623.17,703.23,778.71,774.46,823.76,883.05,966.33
490,1.37,179.19,446.02,658.15,753.56,817.43,879.21,884.29,898.0,958.8,955.86
491,1.08,111.94,243.55,535.44,585.91,693.22,778.85,845.64,794.17,854.06,841.41
492,1.01,74.27,211.07,281.74,288.75,396.76,415.7,542.76,519.41,526.38,551.58
493,1.02,35.14,165.31,300.12,408.34,387.72,503.8,542.67,561.29,547.36,697.08
494,1.19,291.51,617.59,738.02,780.22,906.98,896.88,913.22,957.43,987.7,943.72
495,1.02,40.77,150.22,342.24,419.04,549.38,544.09,583.21,745.94,701.26,749.04
496,1.12,176.04,437.55,553.59,725.23,684.18,830.26,883.49,906.33,876.97,975.77
497,1.09,105.87,363.41,499.12,622.04,695.33,740.92,834.27,815.65,886.19,873.85
498,1.15,156.24,375.95,659.3,753.11,808.27,858.83,886.46,885.56,937.88,975.78
499,1.2,312.67,658.21,752.7,809.95,846.6,938.9,953.96,976.84,998.39,996.75
500,1.32,288.25,641.3,789.24,762.51,943.63,967.67,922.95,915.22,988.44,1008.33
501,1.01,46.96,150.29,296.98,270.9,318.87,306.45,433.97,468.89,556.4,531.26
502,1.17,324.61,592.14,725.96,817.36,894.67,858.28,943.65,926.36,990.54,1016.1
503,1.6,414.56,675.03,797.58,863.61,932.83,967.94,983.1,988.43,998.42,995.93
504,1.42,325.91,634.38,750.82,787.82,846.2,819.33,902.57,968.06,958.07,986.38
505,1.1,213.17,477.72,680.99,715.94,760.87,830.64,905.32,896.16,967.87,913.22
506,1.32,255.67,586.34,754.24,806.9,886.7,867.16,994.72,927.6,990.39,1038.64
507,1.23,206.56,559.86,706.93,797.46,837.84,899.13,914.21,966.43,987.7,976.99
508,1.18,225.04,524.56,709.76,735.31,789.6,889.63,903.3,957.46,947.17,945.0
509,1.11,204.86,578.84,709.96,716.54,846.28,848.96,913.31,884.59,895.93,955.14
510,1.2,145.55,463.81,622.19,659.2,730.72,828.26,844.46,856.46,895.45,945.56
511,1.25,270.54,523.79,673.55,855.28,847.08,938.49,923.0,937.71,997.66,987.71
512,1.15,239.95,586.9,735.51,808.6,856.57,827.74,902.49,969.42,968.21,956.1
513,1.03,50.39,181.73,270.86,316.6,387.72,521.45,544.12,551.66,590.6,602.73
514,1.1,148.33,438.98,587.33,731.29,750.42,890.05,822.66,895.73,906.14,955.96
515,1.02,41.11,134.55,193.02,297.8,289.59,505.59,513.76,519.46,566.47,571.82
516,1.09,201.32,476.75,628.73,734.55,809.23,787.62,854.63,918.0,895.86,924.63
517,1.32,306.52,582.64,732.8,788.45,837.46,877.48,943.01,987.38,947.75,975.77
518,1.05,50.42,141.09,221.07,317.61,442.92,455.39,490.72,519.79,577.94,602.56
519,1.04,165.56,436.63,666.02,724.07,758.72,809.68,795.27,804.29,885.03,936.27
520,1.21,207.69,525.45,771.07,713.79,839.55,838.57,883.01,927.83,916.22,966.71
521,1.04,123.3,305.61,508.53,732.78,550.04,727.55,826.21,873.46,917.11,883.45
522,1.22,258.44,547.18,675.06,771.02,865.92,938.02,923.11,876.18,948.41,996.75
523,1.04,135.58,267.91,446.88,556.76,637.83,730.4,762.7,825.89,833.29,873.52
524,1.09,63.03,235.29,299.24,513.1,578.0,601.86,604.33,641.02,629.16,788.39
525,1.03,45.67,165.63,263.24,316.52,377.46,493.02,463.92,620.75,658.44,623.52
526,1.14,163.24,482.76,616.53,724.85,769.18,741.34,854.44,854.87,894.7,924.13
527,1.15,156.3,431.55,658.84,706.19,799.18,867.66,853.78,908.92,947.7,923.76
528,1.15,116.3,313.91,604.93,650.15,731.49,760.29,762.84,896.0,864.18,945.6
529,1.01,89.08,227.41,324.75,419.33,548.76,523.52,661.0,733.58,742.39,705.86
530,1.08,75.92,256.77,289.99,316.69,548.65,534.16,583.16,663.08,719.94,737.84
531,1.4,423.43,710.76,797.72,890.26,895.99,947.64,965.12,977.25,1009.28,1006.96
532,1.09,139.38,468.73,579.06,649.38,758.37,808.48,854.93,817.31,906.26,923.04
533,1.07,140.42,420.23,508.79,559.5,616.62,760.1,712.52,805.61,846.4,894.87
534,1.11,129.71,282.01,351.21,455.3,558.14,700.63,664.81,825.95,803.19,863.57
535,1.05,82.71,226.2,412.06,467.19,635.29,641.19,724.1,763.17,794.15,800.13
536,1.02,96.07,337.96,377.95,475.71,559.9,680.64,713.79,722.76,740.79,780.03
537,1.12,255.99,508.83,727.5,789.19,782.36,820.16,913.07,906.12,956.64,966.67
538,1.03,118.16,306.27,499.81,660.85,645.17,690.78,864.31,750.95,812.09,831.84
539,1.11,235.4,417.14,560.19,687.24,847.78,799.72,773.66,865.4,927.55,851.91
540,1.11,173.25,411.3,632.37,730.48,751.77,790.36,792.27,824.64,978.19,945.62
541,1.38,342.86,627.46,761.11,808.02,883.67,946.06,905.6,895.34,987.36,1016.79
542,1.56,361.03,633.79,797.08,842.84,914.55,918.21,955.77,1017.63,968.42,998.55
543,1.04,90.94,237.42,377.78,464.66,566.93,572.33,662.91,814.66,721.15,790.35
544,1.29,329.25,618.05,780.03,836.39,895.84,897.39,934.54,964.91,978.85,1016.38
545,1.1,185.13,376.05,526.35,667.16,732.25,806.53,824.94,885.68,907.04,902.83
546,1.03,111.14,273.84,542.34,494.14,577.12,788.61,793.64,846.04,834.76,841.97
547,1.03,130.08,376.73,465.62,660.24,654.25,729.19,672.86,763.89,791.97,862.4
548,1.43,329.31,583.8,790.81,844.91,902.56,927.38,934.04,999.35,968.24,1007.46
549,1.12,46.44,211.85,253.71,316.34,434.32,442.74,522.77,510.57,609.17,665.33
550,1.06,182.06,507.52,597.86,751.69,780.12,818.69,883.37,814.42,896.39,883.78
551,1.51,393.93,633.02,823.78,874.53,915.52,934.3,963.5,987.23,997.88,996.26
552,1.13,173.03,454.98,596.1,649.87,819.71,849.71,905.15,947.78,936.22,935.24
553,1.39,346.01,603.79,777.22,852.72,923.08,956.15,935.82,957.52,1008.08,1017.96
554,1.18,259.93,572.5,692.71,828.29,855.08,883.97,915.01,948.13,987.1,1018.38
555,1.09,175.28,382.69,465.6,641.48,704.52,771.47,784.02,835.69,834.42,873.35
556,1.09,178.02,413.73,605.04,594.36,799.27,780.38,833.85,947.01,821.51,944.55
557,1.19,194.95,588.27,649.3,786.54,808.15,906.36,884.19,905.71,906.81,954.37
558,1.02,157.34,352.95,542.45,651.09,741.05,789.86,883.52,762.95,905.61,884.54
559,1.06,58.72,289.72,274.57,398.41,558.9,622.56,674.3,682.28,722.51,841.03
560,1.2,107.61,359.79,508.36,650.62,760.79,739.6,883.62,845.02,917.23,924.58
561,1.27,356.32,624.51,736.25,816.46,887.33,935.85,913.09,967.27,979.57,1006.1
562,1.22,252.26,455.7,595.7,686.65,809.31,896.15,872.52,917.08,947.05,944.28
563,1.7,415.31,729.98,789.61,892.21,895.54,966.53,965.79,988.49,1019.49,1007.78
564,1.19,252.7,575.76,649.32,743.74,807.99,847.79,862.8,936.94,947.74,945.54
565,1.1,146.67,329.5,527.7,641.09,789.46,779.6,822.42,855.54,937.37,955.59
566,1.12,190.04,445.3,579.61,648.93,798.64,822.23,913.11,855.46,898.16,955.47
567,1.42,351.88,637.84,794.58,853.31,887.01,975.99,954.99,966.9,967.04,1007.38
568,1.21,200.14,506.79,657.35,778.34,865.76,855.2,872.88,915.28,967.86,1008.27
569,1.04,104.25,235.16,474.88,437.08,588.37,592.83,723.32,774.41,699.2,716.95
570,1.28,350.81,650.08,733.08,860.41,845.99,907.48,902.45,938.55,1009.78,996.5
571,1.17,131.46,463.11,595.91,733.51,800.47,788.56,924.47,945.93,968.88,944.09
572,1.27,381.37,639.75,759.87,828.77,905.87,988.26,946.25,998.39,997.33,1028.43
573,1.06,163.8,452.23,472.47,630.42,722.82,828.53,844.25,806.15,834.02,954.47
574,1.01,51.62,139.94,229.49,324.06,462.4,454.6,483.28,488.09,506.99,612.6
575,1.02,147.59,337.71,525.82,567.61,568.79,572.78,714.8,764.05,833.42,810.79
576,1.1,115.5,265.36,430.71,557.36,568.04,642.33,662.92,682.5,608.56,809.68
577,1.77,409.57,674.94,787.78,863.75,912.98,958.56,954.07,967.72,1009.84,1030.93
578,1.11,124.75,361.57,438.82,615.52,731.55,710.1,763.15,876.29,812.89,871.66
579,1.03,36.43,220.41,385.14,456.0,578.44,631.14,673.02,744.77,844.38,820.8
580,1.13,204.24,444.71,498.16,659.04,740.98,770.54,784.72,865.88,935.57,903.16
581,1.07,107.49,281.35,394.53,566.96,673.74,749.69,782.25,775.87,802.97,862.64
582,1.02,56.27,133.25,264.33,335.42,395.92,385.08,504.5,572.78,628.99,531.77
583,1.3,273.27,576.99,701.44,846.15,789.82,910.13,904.13,986.43,987.14,985.95
584,1.44,349.3,665.5,813.7,835.83,906.2,927.72,923.97,989.96,987.01,988.25
585,1.18,270.84,546.57,649.48,744.13,848.1,819.12,893.71,966.95,947.21,914.09
586,1.1,112.15,308.1,448.05,494.0,617.1,631.38,692.22,704.01,844.76,811.39
587,1.61,349.23,686.5,770.7,853.73,905.9,936.16,953.54,986.01,1029.61,1026.53
588,1.01,108.06,320.21,427.14,584.83,597.19,722.23,664.91,673.19,803.48,811.34
589,1.49,392.38,671.74,795.95,883.4,925.76,926.38,996.25,976.41,946.09,1008.13
590,1.42,349.44,633.75,778.53,882.1,924.04,986.96,951.82,984.97,999.49,1021.18
591,1.34,305.18,606.05,761.48,834.51,876.83,908.59,931.19,956.29,968.02,996.48
592,1.16,175.74,453.52,664.97,742.74,732.57,828.89,874.76,886.15,884.94,894.07
593,1.38,361.52,667.48,805.53,845.67,895.89,857.94,955.17,955.46,1008.89,977.2
594,1.05,217.36,474.09,595.43,668.22,791.73,917.81,793.39,917.32,917.44,892.64
595,1.12,225.38,460.8,587.93,695.28,768.99,877.54,833.08,897.08,917.76,986.8
596,1.05,118.89,376.02,525.56,557.02,597.55,710.97,753.16,864.71,865.15,799.48
597,1.33,306.43,610.32,788.84,873.0,855.35,919.03,965.65,999.24,1007.71,1006.86
598,1.34,255.95,544.05,702.02,818.58,824.96,905.15,964.87,938.14,915.44,966.43
599,1.07,193.64,484.66,595.68,735.14,753.4,759.69,894.89,917.3,937.36,966.65
600,1.11,208.48,406.02,618.07,679.25,723.8,751.31,783.2,947.61,854.15,862.05
601,1.19,161.71,456.02,683.67,687.43,740.89,859.93,934.68,916.12,936.95,963.92
602,1.26,224.8,589.73,736.16,816.03,837.95,978.68,935.53,977.74,967.2,944.45
603,1.19,219.48,516.9,560.93,725.01,760.31,849.03,833.43,926.29,885.21,913.9
604,1.06,125.66,335.75,430.27,517.68,665.63,738.96,711.94,803.23,803.57,862.31
605,1.14,136.15,406.94,622.57,641.15,777.16,769.82,803.32,876.95,876.85,873.15
606,1.24,267.72,542.46,726.89,742.29,875.24,857.63,912.65,937.82,938.18,986.56
607,1.18,152.82,454.95,509.3,723.44,780.06,759.34,905.71,845.29,876.89,933.58
608,1.01,136.54,289.9,552.3,577.53,625.26,710.9,815.2,835.02,834.09,904.1
609,1.1,113.97,432.31,622.88,696.21,836.85,897.49,956.06,936.51,978.64,924.04
610,1.23,177.14,431.01,615.9,678.09,768.65,838.68,822.49,865.74,947.27,934.7
611,1.3,222.59,541.4,717.67,760.37,788.6,909.52,924.17,905.51,946.44,965.61
612,1.05,127.0,258.93,439.34,476.38,590.11,610.55,745.28,765.0,793.44,821.03
613,1.12,154.32,490.94,551.83,772.52,820.82,888.7,884.62,876.97,897.19,935.13
614,1.02,51.84,134.71,211.17,251.49,405.37,405.18,462.59,571.84,464.38,592.88
615,1.02,39.9,110.23,248.1,270.36,279.58,395.29,463.65,469.02,547.61,560.85
616,1.04,106.29,351.37,472.64,631.62,674.37,601.57,804.08,836.02,834.62,925.02
617,1.0,34.06,157.93,184.48,261.08,339.2,424.79,533.41,499.47,525.42,551.88
618,1.0,46.33,94.77,290.19,270.52,309.6,387.16,463.01,468.36,526.45,623.9
619,1.01,143.8,322.3,431.97,518.93,692.51,670.06,733.13,804.15,812.7,841.8
620,1.08,183.97,453.95,604.42,685.88,781.09,847.48,862.95,853.89,948.97,922.92
621,1.21,170.68,430.9,725.76,733.02,788.69,897.28,843.52,905.02,906.13,955.28
622,1.11,143.42,407.56,614.35,724.59,768.81,868.94,845.51,928.64,896.56,934.06
623,1.12,152.66,362.67,584.69,668.47,827.88,750.96,853.61,865.96,925.81,891.17
624,1.1,195.85,486.22,607.23,734.56,701.35,838.29,893.91,835.6,895.0,935.24
625,1.08,58.69,245.72,499.6,446.69,540.57,641.37,733.16,620.86,689.82,717.2
626,1.08,51.64,248.72,350.39,455.25,599.53,582.41,602.28,743.51,751.97,768.31
627,1.03,35.28,156.84,227.78,306.49,328.11,493.93,442.09,519.16,607.61,478.4
628,1.19,208.44,494.37,699.68,704.18,808.32,868.08,915.6,896.73,966.41,987.24
629,1.05,139.57,360.34,524.7,623.06,721.69,709.13,782.69,875.77,884.05,893.46
630,1.01,101.6,314.61,393.13,446.16,549.27,700.52,642.17,702.84,722.49,799.41
631,1.31,230.46,443.66,579.6,806.95,806.33,839.03,843.79,886.74,937.38,871.96
632,1.18,256.97,549.78,632.44,724.2,845.65,927.89,932.43,916.71,976.41,945.04
633,1.13,140.98,407.51,641.26,742.51,838.58,827.86,913.64,907.3,978.97,976.6
634,1.0,12.63,86.07,106.06,307.97,348.15,297.32,443.04,398.97,474.21,581.51
635,1.05,121.31,290.58,526.3,615.14,681.67,691.07,783.69,743.99,874.7,790.38
636,1.05,17.6,165.4,246.09,288.51,433.09,504.48,412.73,429.19,628.54,592.47
637,1.16,200.66,516.51,655.24,762.31,768.97,898.73,854.34,895.04,938.99,935.79
638,1.02,57.6,226.67,335.27,425.76,480.99,660.8,632.88,663.28,751.58,831.31
639,1.09,145.22,396.72,579.21,594.09,705.14,788.41,723.28,833.5,834.74,873.12
640,1.43,259.45,560.32,658.33,816.37,796.42,879.73,913.02,938.0,965.97,957.81
641,1.22,238.72,585.71,675.84,762.13,844.99,897.52,902.69,946.5,967.31,977.22
642,1.09,141.91,444.45,622.2,715.13,732.31,827.79,894.1,916.22,904.86,935.56
643,1.09,77.97,187.82,326.17,279.94,424.7,484.1,442.75,428.61,658.62,644.68
644,1.09,131.34,445.25,550.4,621.34,712.09,720.7,822.94,815.06,824.85,862.15
645,1.03,157.31,404.23,534.14,620.82,743.14,780.31,711.92,898.2,864.31,935.08
646,1.07,201.44,502.24,604.9,744.56,826.07,840.02,894.99,938.16,957.02,997.02
647,1.1,238.27,532.48,656.33,783.2,885.49,927.53,901.47,936.71,935.85,934.34
648,1.17,253.25,556.14,664.67,767.94,818.16,908.21,843.44,956.92,999.4,966.52
649,1.31,297.07,587.76,630.39,820.46,817.53,917.75,887.28,946.87,988.2,935.92
650,1.06,129.6,265.84,474.48,528.66,616.39,672.06,652.14,713.49,812.37,736.56
651,1.07,157.79,342.9,517.73,537.7,647.08,651.95,692.15,693.66,855.24,850.98
652,1.05,95.98,205.03,381.19,473.69,596.55,602.37,604.42,674.02,720.97,706.48
653,1.28,344.67,618.24,780.45,846.37,864.52,906.68,944.61,975.6,977.78,1017.97
654,1.08,168.76,266.09,349.97,491.72,568.89,590.59,614.18,713.46,752.89,821.61
655,1.23,309.18,500.36,690.25,734.35,816.62,858.04,923.7,936.59,916.84,964.37
656,1.12,264.0,469.15,701.71,799.68,808.15,878.35,892.6,916.48,959.29,986.95
657,1.15,180.38,433.69,561.03,678.64,800.74,847.96,912.76,845.29,885.02,913.25
658,1.2,212.02,519.44,675.44,732.61,818.32,888.66,881.89,894.94,926.36,945.59
659,1.58,382.43,680.21,788.72,864.19,904.91,909.62,924.12,946.64,1008.72,1018.85
660,1.17,220.26,461.26,623.67,761.16,827.24,908.1,893.3,928.28,946.93,923.98
661,1.35,303.69,556.1,682.92,817.36,835.75,837.64,914.93,966.06,946.71,1007.8
662,1.18,237.22,516.86,703.58,808.04,789.11,876.79,933.22,938.48,978.67,998.4
663,1.04,134.77,328.47,376.11,437.99,606.77,603.4,694.89,561.18,743.38,728.02
664,1.07,80.22,229.07,288.94,411.22,472.62,641.75,603.65,641.58,688.63,728.89
665,1.1,141.21,391.52,525.65,650.74,749.95,817.94,785.05,794.54,812.32,915.14
666,1.05,68.73,164.11,237.91,307.25,413.86,525.46,563.17,520.23,586.75,623.48
667,1.17,106.79,454.3,612.34,773.54,836.19,826.6,883.82,824.97,969.91,935.8
668,1.1,144.0,360.31,526.24,662.0,790.05,869.74,833.82,814.49,936.24,882.91
669,1.02,18.69,118.44,211.01,363.1,463.28,395.47,502.85,579.01,504.16,571.44
670,1.11,183.22,446.23,700.59,705.52,818.37,788.15,893.16,864.95,847.05,923.91
671,1.07,175.26,467.76,542.12,754.84,770.55,768.9,805.03,876.79,875.79,894.74
672,1.04,86.05,220.53,394.06,418.23,512.19,534.7,693.05,765.57,783.53,800.03
673,1.04,57.52,195.69,255.14,456.41,547.79,553.43,613.69,590.43,678.59,705.4
674,1.14,210.78,537.43,630.08,642.09,819.52,876.73,864.83,917.0,926.13,1009.02
675,1.07,125.27,328.44,508.42,688.09,644.2,610.82,773.71,764.85,844.36,822.1
676,1.26,241.31,507.45,728.13,777.84,828.42,899.98,941.81,948.6,976.69,987.54
677,1.07,159.55,296.42,437.94,640.99,636.2,652.42,794.57,724.86,834.65,821.29
678,1.02,93.42,196.79,306.23,391.39,328.33,513.86,453.8,449.55,607.31,634.67
679,1.06,161.11,399.03,594.13,566.92,771.08,750.83,813.33,897.23,873.6,881.33
680,1.04,62.26,236.15,281.36,511.41,538.33,651.18,672.38,622.28,638.63,779.11
681,1.01,84.43,251.38,499.46,491.88,512.22,582.04,663.58,772.97,792.77,747.48
682,1.01,66.85,196.21,385.22,437.16,491.44,612.53,704.16,682.17,754.02,820.71
683,1.03,45.92,181.99,202.37,390.47,501.14,484.55,593.52,549.94,730.73,727.43
684,1.02,54.75,189.39,227.46,326.06,375.6,464.04,452.2,540.08,546.54,614.03
685,1.02,67.05,265.85,437.91,529.4,596.99,701.18,754.0,845.46,749.62,850.8
686,1.24,343.79,627.62,794.05,863.29,903.33,928.65,944.75,938.26,988.21,996.34
687,1.13,248.8,487.36,616.38,779.35,693.17,858.57,753.17,876.84,925.6,946.05
688,1.05,168.23,393.55,612.71,679.19,769.62,730.51,794.8,825.9,802.7,925.74
689,1.01,50.51,118.37,185.12,353.49,375.78,434.91,493.57,449.96,598.31,602.71
690,1.31,275.05,579.84,717.78,800.74,837.99,868.64,923.82,948.38,977.77,984.42
691,1.26,229.55,475.89,639.1,787.3,858.24,887.15,864.1,967.79,947.33,944.87
692,1.14,184.59,423.34,606.02,717.09,846.11,779.23,863.37,875.98,948.79,923.85
693,1.3,260.23,518.22,675.4,778.42,818.93,857.98,952.69,967.27,966.99,956.27
694,1.26,299.12,566.34,736.1,825.61,867.68,878.33,954.57,957.02,926.4,1008.5
695,1.14,228.44,570.28,575.98,694.72,730.57,829.6,823.69,896.69,916.0,944.96
696,1.09,179.85,475.81,596.35,694.14,779.54,858.59,886.1,906.85,864.74,957.75
697,1.34,379.81,592.55,760.88,817.95,845.52,867.43,962.84,957.8,1008.9,1006.99
698,1.14,165.26,515.6,683.33,726.3,818.31,868.34,893.82,907.69,969.38,978.11
699,1.18,232.15,453.26,667.02,687.08,721.2,781.2,773.0,865.01,925.69,946.72
700,1.19,225.63,461.39,580.43,671.06,759.37,798.78,844.0,917.12,927.91,944.91
701,1.12,146.39,445.95,570.19,642.72,807.89,770.24,834.32,835.16,905.85,976.73
702,1.03,128.02,352.62,436.9,586.04,665.66,789.72,683.88,753.7,782.35,821.54
703,1.13,175.75,445.98,621.2,733.94,750.38,808.65,853.22,905.76,876.05,925.21
704,1.11,238.55,487.11,658.06,735.0,827.68,878.84,933.79,905.42,925.29,976.55
705,1.09,208.47,549.46,675.4,799.14,885.41,857.67,924.47,998.07,998.9,998.94
706,1.23,222.87,466.19,640.0,789.6,837.09,887.78,804.36,906.26,986.96,943.02
707,1.07,152.32,359.36,462.77,577.16,655.29,740.59,734.03,876.35,865.65,873.05
708,1.29,305.56,655.18,692.66,808.0,887.63,918.62,984.92,926.03,937.27,987.43
709,1.08,167.7,368.66,649.5,771.44,751.45,780.09,864.97,835.35,936.76,871.84
710,1.35,228.75,577.61,718.31,799.48,866.72,927.4,903.54,938.91,978.72,987.87
711,1.13,146.47,453.72,586.8,677.65,750.15,775.71,812.87,864.67,895.35,903.67
712,1.03,90.41,228.17,493.15,502.39,501.72,661.31,664.18,743.18,793.29,748.78
713,1.05,51.33,204.15,290.2,474.52,512.43,582.92,573.56,652.5,764.12,726.48
714,1.24,142.66,461.56,632.51,742.16,787.25,827.72,885.35,877.4,947.05,974.41
715,1.06,55.91,205.83,360.35,445.24,568.73,572.25,724.39,783.26,750.84,695.31
716,1.02,24.07,118.49,209.64,269.1,347.15,415.18,434.18,581.52,597.08,624.06
717,1.05,146.78,400.06,577.61,630.62,701.61,760.34,853.44,845.57,886.12,954.94
718,1.11,128.79,343.73,544.17,640.21,740.93,809.52,813.4,885.33,906.06,925.37
719,1.21,152.59,406.57,568.87,593.1,645.54,779.56,815.07,845.83,874.13,891.7
720,1.11,150.97,362.62,543.54,630.3,770.64,730.07,844.12,957.72,956.31,955.47
721,1.0,68.02,218.81,279.56,287.68,413.93,503.67,473.28,621.82,596.63,614.3
722,1.12,124.41,381.26,543.09,697.58,770.12,778.08,814.56,896.61,896.9,902.82
723,1.44,311.21,585.71,743.74,835.86,914.56,936.49,942.28,967.26,1010.21,1008.0
724,1.54,370.95,606.72,759.5,862.32,904.31,936.52,954.14,1007.65,1029.46,1039.12
725,1.19,365.24,681.5,769.94,880.54,885.05,936.19,983.99,978.32,1008.3,1028.08
726,1.02,100.95,226.32,394.72,540.17,557.83,532.83,715.14,713.52,760.76,739.31
727,1.05,100.95,306.26,454.9,650.95,760.64,741.54,792.12,855.94,813.69,852.41
728,1.37,319.46,600.06,711.01,799.39,886.31,876.43,914.78,949.1,977.31,998.3
729,1.28,352.51,625.84,770.19,844.69,846.76,936.24,955.0,968.16,1018.5,1017.99
730,1.11,166.79,375.45,552.19,624.22,771.8,830.3,895.57,935.91,865.32,976.83
731,1.02,39.87,211.42,357.54,391.58,529.3,571.96,572.98,774.11,750.83,717.44
732,1.01,48.83,252.33,405.28,438.3,442.78,542.75,612.71,694.21,701.17,748.3
733,1.07,85.29,259.82,525.68,649.99,568.84,611.26,835.88,753.03,845.34,789.86
734,1.04,101.15,277.26,342.72,417.65,549.91,670.95,733.07,765.29,731.06,862.05
735,1.13,247.42,498.57,631.1,733.69,844.52,807.68,872.55,814.15,928.74,905.2
736,1.08,167.66,459.88,518.13,667.74,732.59,847.56,913.03,865.54,936.48,913.94
737,1.04,73.23,274.22,445.09,381.04,568.98,570.94,722.67,612.54,700.94,768.65
738,1.03,96.9,229.93,368.44,540.21,558.03,639.07,663.7,713.72,700.48,705.63
739,1.0,40.39,204.2,234.73,345.85,328.8,493.44,411.52,591.56,620.46,560.83
740,1.15,150.37,382.99,614.82,694.52,799.44,809.03,813.17,925.86,833.11,936.93
741,1.07,173.09,431.94,622.15,678.91,732.19,849.11,883.16,897.46,919.6,986.02
742,1.19,300.74,555.02,673.71,798.85,864.96,887.64,872.47,896.67,916.45,966.58
743,1.19,241.68,582.14,736.39,771.53,866.84,866.55,905.25,915.67,948.27,967.23
744,1.26,273.39,610.65,665.71,768.44,867.29,849.41,912.53,937.17,989.21,1006.92
745,1.14,206.23,548.06,684.69,742.19,808.1,867.18,934.61,957.51,956.92,935.83
746,1.11,178.08,453.84,612.06,731.3,703.89,738.65,774.13,855.3,895.21,912.15
747,1.21,265.73,562.3,692.75,762.45,875.86,858.07,903.57,969.39,958.94,966.64
748,1.14,147.2,329.61,536.36,564.99,712.6,760.55,794.7,826.43,906.49,924.03
749,1.13,228.88,446.14,663.98,735.86,790.25,839.75,882.88,877.43,874.96,1007.56
750,1.02,27.88,156.12,220.43,381.7,357.04,454.51,481.6,469.2,504.43,572.1
751,1.05,136.19,344.18,641.32,566.76,777.99,780.1,803.24,936.65,897.1,882.17
752,1.05,69.34,315.71,464.65,614.54,712.04,739.85,683.59,813.83,915.71,832.48
753,1.07,80.18,321.47,421.06,548.98,635.04,779.41,784.69,812.89,854.84,871.87
754,1.11,146.57,405.92,623.6,659.8,750.24,757.88,883.12,884.36,875.89,883.87
755,1.53,364.6,711.41,787.51,826.29,895.61,976.55,974.07,959.06,990.89,1017.68
756,1.26,236.77,585.99,718.31,796.82,904.08,869.08,946.12,978.66,997.14,996.39
757,1.01,7.47,32.47,115.65,149.65,230.83,307.13,322.74,438.83,383.59,384.61
758,1.0,1.11,55.23,140.47,186.61,183.61,288.09,363.68,419.3,403.17,415.73
759,1.01,44.97,103.02,185.12,297.96,395.33,316.82,462.32,449.24,595.84,571.93
760,1.11,211.25,459.02,585.41,731.18,769.43,830.27,803.36,814.29,958.11,883.6
761,1.09,90.6,297.28,436.76,418.95,559.28,622.29,624.38,723.07,773.49,823.59
762,1.01,90.51,156.14,255.18,297.11,415.01,594.18,575.04,529.6,588.98,562.51
763,1.07,77.59,234.39,378.36,493.19,586.76,602.23,633.92,653.64,792.8,789.57
764,1.23,226.41,510.05,684.43,811.08,857.45,887.98,874.3,978.13,936.98,934.15
765,1.09,114.83,289.59,420.13,566.69,538.78,671.3,713.66,837.85,792.76,841.04
766,1.06,235.11,397.26,597.52,779.27,759.84,819.38,864.99,935.31,957.74,946.16
767,1.02,40.65,118.04,193.35,363.44,387.17,425.61,503.46,562.28,546.21,531.25
768,1.16,285.13,538.47,724.58,798.48,836.82,906.36,976.15,925.38,947.65,967.46
769,1.07,206.91,532.31,642.32,772.49,770.59,849.52,895.02,874.89,967.39,903.16
770,1.1,113.42,275.09,474.53,481.95,511.49,660.0,704.35,826.2,814.78,830.38
771,1.21,132.75,423.29,622.21,669.43,770.78,800.75,822.77,906.65,905.51,924.88
772,1.07,135.89,328.92,445.9,603.68,743.1,761.02,814.0,805.32,896.59,892.38
773,1.05,147.54,430.44,491.05,640.84,654.95,749.97,844.56,783.95,855.1,902.3
774,1.39,345.51,651.66,798.46,865.03,894.33,958.79,955.69,937.79,989.73,1007.71
775,1.0,64.03,166.42,412.36,512.53,462.85,561.6,703.57,641.56,710.75,788.72
776,1.06,116.54,257.51,298.05,492.26,470.98,604.15,654.29,793.72,761.47,707.41
777,1.07,85.02,274.75,404.31,622.36,673.81,701.94,733.05,807.45,793.86,842.23
778,1.03,50.57,187.42,218.67,353.7,376.51,346.17,472.77,539.08,567.03,613.22
779,1.13,349.84,552.83,743.13,780.07,847.5,897.09,964.1,956.79,967.62,1009.06
780,1.12,145.88,422.92,491.95,695.87,672.66,738.23,783.21,814.27,906.86,871.63
781,1.0,1.09,163.92,246.2,204.83,356.52,484.66,421.91,509.8,504.35,592.29
782,1.07,190.83,532.06,631.46,771.08,827.62,786.92,843.66,905.73,915.59,956.62
783,1.24,182.81,592.07,733.02,798.24,838.37,880.18,924.46,957.38,936.26,964.95
784,1.01,52.35,141.2,193.21,287.99,386.28,327.39,502.09,601.35,556.47,623.79
785,1.19,301.45,633.51,779.78,788.19,864.01,887.84,924.66,967.77,969.25,997.09
786,1.05,112.86,225.62,456.98,556.43,538.99,662.19,734.39,784.03,823.96,820.62
787,1.36,364.25,584.62,733.37,817.52,867.79,947.07,925.01,996.97,925.55,1028.53
788,1.0,51.29,119.09,193.38,300.03,396.17,355.15,484.04,581.12,504.02,591.37
789,1.14,112.83,322.82,524.93,641.78,753.89,809.75,743.51,845.48,884.82,862.04
790,1.1,56.72,110.11,255.08,287.76,375.24,376.25,520.75,550.88,607.98,643.46
791,1.13,262.92,475.97,619.72,705.7,730.78,797.76,883.83,926.65,926.21,944.45
792,1.13,117.02,454.86,621.89,759.58,806.32,896.56,894.41,852.67,977.62,976.86
793,1.04,145.86,362.98,437.95,521.04,683.45,662.13,703.52,753.95,875.13,945.43
794,1.12,108.97,390.42,579.39,707.04,761.45,806.27,843.16,917.91,895.93,893.8
795,1.02,133.96,318.98,473.21,539.79,636.05,729.58,753.44,714.86,793.48,861.25
796,1.01,80.87,257.3,421.85,474.86,490.33,690.27,695.87,650.49,783.11,883.55
797,1.04,164.48,329.98,508.16,585.26,692.36,730.49,723.39,773.6,761.9,873.31
798,1.02,58.42,165.42,247.5,439.21,521.76,561.88,593.18,642.42,648.7,686.03
799,1.01,79.33,172.8,264.07,334.89,395.36,385.15,594.08,540.89,628.33,552.16
800,1.02,74.58,275.94,377.57,556.9,473.06,621.65,733.35,692.31,814.07,748.85
801,1.04,206.11,353.91,499.31,614.34,779.57,837.81,754.25,835.57,876.74,800.36
802,1.0,23.89,195.56,194.59,345.0,394.67,316.22,451.85,437.88,537.85,561.62
803,1.01,40.31,102.57,166.21,269.96,367.04,405.48,483.31,458.19,525.25,551.7
804,1.01,12.8,133.33,158.4,223.73,299.49,385.76,331.59,417.05,545.52,530.72
805,1.08,143.25,384.37,631.7,715.16,711.29,826.74,845.0,864.83,946.31,934.56
806,1.01,57.94,163.92,255.63,344.3,520.03,465.32,592.6,653.89,628.21,727.97
807,1.14,220.26,493.0,638.78,790.13,829.14,868.71,903.88,885.55,947.16,935.73
808,1.14,259.18,530.92,682.08,796.49,808.26,869.07,924.81,958.32,977.83,984.5
809,1.03,135.63,462.22,491.06,649.55,740.15,788.82,766.82,825.71,865.95,904.17
810,1.07,187.08,399.16,518.33,694.7,787.34,847.66,863.63,896.38,936.39,923.56
811,1.11,102.91,376.92,571.07,686.93,721.65,750.42,783.2,866.91,894.91,925.43
812,1.04,162.4,281.63,403.68,466.69,529.73,611.01,663.18,694.22,648.97,716.69
813,1.06,86.13,233.81,288.78,436.76,490.41,564.21,632.86,703.04,681.49,717.3
814,1.1,79.17,211.59,432.83,531.88,492.3,581.49,601.99,723.73,690.62,768.01
815,1.18,231.82,436.71,699.72,815.91,741.26,878.35,885.03,937.31,933.93,944.42
816,1.12,201.1,416.77,572.7,698.46,751.34,789.61,873.62,856.26,863.4,924.62
817,1.09,156.7,267.0,447.56,605.08,732.23,760.23,734.39,775.11,856.02,912.96
818,1.1,265.29,493.57,648.39,772.05,798.58,878.22,843.69,926.67,938.1,986.78
819,1.04,82.92,218.98,423.1,361.28,509.56,602.31,632.23,682.23,679.64,727.2
820,1.21,161.46,427.7,570.84,684.79,683.27,798.0,845.23,856.65,935.29,923.31
821,1.09,156.92,423.98,640.23,686.27,836.0,758.58,843.5,906.41,905.97,914.43
822,1.03,47.86,249.07,323.43,482.2,548.21,601.06,794.59,662.21,699.13,810.94
823,1.15,208.79,439.05,701.96,797.56,808.07,867.99,855.23,905.18,977.41,924.97
824,1.03,83.39,266.24,546.43,575.83,722.24,720.68,835.32,845.43,792.19,884.05
825,1.07,101.59,258.98,475.2,427.33,616.18,630.33,563.16,642.68,801.91,864.52
826,1.05,194.56,399.91,516.8,658.18,721.98,798.99,813.76,907.62,865.91,871.57
827,1.05,23.14,124.76,230.16,334.73,386.9,474.61,633.95,642.33,728.25,706.86
828,1.09,123.97,345.15,500.12,648.6,606.23,700.53,774.52,784.34,720.18,799.79
829,1.02,79.7,157.74,245.11,316.87,376.94,455.14,501.85,550.41,494.75,664.52
830,1.08,149.69,421.81,508.16,621.75,751.21,786.7,794.08,866.84,895.1,893.01
831,1.01,30.22,102.31,265.41,205.86,327.58,297.25,432.72,499.98,576.4,560.11
832,1.3,260.71,548.02,699.5,803.43,827.57,886.06,893.38,957.35,927.73,965.83
833,1.19,191.2,462.61,710.55,761.68,723.49,876.91,873.89,887.4,925.71,915.64
834,1.02,75.46,220.51,353.45,586.07,578.71,601.78,633.41,762.39,721.81,715.63
835,1.2,230.31,520.11,613.9,789.12,838.33,850.2,894.34,956.76,937.99,997.83
836,1.07,113.11,351.1,483.76,538.92,645.53,691.03,733.69,785.44,781.51,933.78
837,1.11,159.03,290.07,507.81,584.58,759.65,769.74,844.19,895.64,834.3,842.35
838,1.02,66.65,252.7,411.41,579.0,548.68,601.75,663.42,692.78,750.86,757.58
839,1.21,173.24,492.13,639.16,771.21,885.15,886.08,951.47,957.16,968.39,998.06
840,1.18,78.87,204.11,413.86,483.94,492.5,622.49,613.37,762.69,649.02,696.03
841,1.09,46.34,203.47,316.14,473.66,559.44,572.23,633.17,704.15,772.72,767.46
842,1.02,17.87,118.34,209.28,354.99,433.84,424.39,573.7,437.94,597.02,613.55
843,1.04,138.45,312.76,430.34,660.68,711.2,748.79,864.53,823.9,895.33,831.01
844,1.02,39.37,71.79,253.34,298.46,300.54,483.73,462.83,590.58,505.06,542.22
845,1.13,194.84,431.3,532.86,751.25,750.66,807.96,894.53,904.14,904.93,881.4
846,1.18,211.45,472.02,613.05,788.73,876.5,868.6,883.96,875.74,956.39,976.57
847,1.17,200.52,531.05,716.87,824.36,886.91,868.06,924.35,926.6,934.96,976.25
848,1.18,211.85,547.21,745.16,835.23,818.14,877.02,923.15,948.66,976.73,956.35
849,1.07,34.5,165.09,254.57,364.58,367.08,494.51,551.94,560.08,637.63,748.07
850,1.08,115.81,382.28,508.94,567.09,636.21,790.94,753.49,835.63,885.17,862.45
851,1.0,62.2,197.12,210.55,280.26,464.9,474.14,525.24,570.22,505.31,571.57
852,1.09,154.42,461.58,559.76,732.58,740.34,790.91,874.89,917.59,926.11,955.64
853,1.03,89.93,287.32,440.22,519.55,605.67,620.5,822.63,764.43,814.65,799.49
854,1.16,183.38,468.14,646.77,650.23,758.17,838.19,903.94,915.65,914.66,974.9
855,1.06,28.8,111.56,201.64,278.5,318.86,366.92,492.82,519.45,536.5,457.53
856,1.0,48.78,102.8,228.12,261.13,405.46,454.16,504.18,529.64,629.79,686.25
857,1.01,61.24,165.25,228.9,325.21,318.39,405.83,452.75,508.31,628.61,572.58
858,1.15,247.63,578.03,681.39,706.45,800.58,908.05,924.68,997.67,945.92,943.46
859,1.19,150.3,455.09,710.46,743.78,779.55,888.71,895.2,874.62,907.31,965.35
860,1.06,124.92,394.51,510.09,695.44,721.47,789.17,885.46,835.69,969.14,945.99
861,1.01,44.36,78.42,202.3,224.03,252.85,415.22,452.66,550.69,505.38,572.01
862,1.0,91.12,157.62,185.55,297.88,377.77,484.74,501.65,571.04,597.77,582.62
863,1.12,118.17,298.36,466.52,632.63,616.74,701.13,723.95,773.26,823.89,852.24
864,1.05,88.95,220.5,394.46,556.97,577.66,621.9,644.31,713.75,836.52,831.18
865,1.07,83.04,296.74,378.6,465.1,527.68,642.81,632.22,753.31,824.97,778.23
866,1.0,41.09,95.97,184.58,307.52,386.26,454.84,362.01,560.7,565.75,552.05
867,1.21,210.16,484.97,692.66,753.09,868.34,887.41,934.66,956.49,978.93,925.32
868,1.15,212.53,459.13,620.66,702.61,760.04,868.02,884.11,947.1,937.5,914.92
869,1.23,206.22,522.13,638.51,723.13,886.59,819.28,883.56,947.32,937.71,976.02
870,1.02,87.68,312.69,475.42,584.96,702.48,651.21,775.26,824.87,781.51,942.55
871,1.08,145.48,524.02,684.37,650.68,846.48,838.65,894.67,947.47,916.57,934.83
872,1.04,56.8,194.71,273.27,334.91,435.48,484.53,522.85,611.38,689.79,551.74
873,1.11,134.05,359.78,545.0,659.07,743.02,787.8,835.51,845.99,865.16,904.22
874,1.14,112.26,415.73,576.6,669.05,770.79,749.55,803.06,854.83,896.75,862.77
875,1.05,35.05,87.78,289.55,259.99,424.1,482.77,452.35,499.88,648.42,593.46
876,1.04,83.52,252.47,359.35,427.18,540.22,613.32,703.56,733.66,659.34,746.97
877,1.06,112.56,290.12,525.75,640.28,720.63,721.12,813.25,783.39,813.76,872.84
878,1.05,137.62,265.82,499.57,558.87,558.97,789.85,804.63,743.43,784.21,862.39
879,1.06,46.43,251.03,430.71,521.45,578.54,552.13,701.78,733.85,772.44,790.4
880,1.05,161.41,344.96,430.41,558.98,733.29,750.84,761.96,773.7,833.73,872.42
881,1.03,141.56,336.52,552.7,527.01,704.86,711.56,814.39,804.73,855.0,894.1
882,1.06,45.73,203.13,297.66,446.12,491.13,671.15,541.65,703.4,814.94,769.6
883,1.26,232.93,569.03,753.31,768.38,825.69,886.81,924.23,1008.12,946.29,976.13
884,1.35,298.26,557.79,726.28,814.58,885.1,897.69,932.92,896.17,975.88,986.53
885,1.15,316.08,626.29,779.74,836.47,817.69,886.95,902.12,958.92,987.52,955.68
886,1.24,320.13,507.48,718.5,817.66,865.57,968.48,974.34,925.48,924.84,996.8
887,1.23,320.97,610.38,745.84,817.63,876.23,889.23,912.61,958.51,926.15,976.13
888,1.14,224.41,454.5,552.11,779.72,779.01,848.89,862.94,856.66,946.88,1009.26
889,1.24,275.03,521.89,684.86,760.12,817.74,850.55,875.02,957.68,947.59,1017.79
890,1.14,258.74,428.8,675.29,833.86,847.46,918.67,912.7,915.25,980.09,923.07
891,1.29,234.66,623.42,698.19,735.67,791.53,877.78,944.05,957.28,986.75,955.12
892,1.03,211.13,445.61,541.15,539.26,800.11,749.81,832.35,793.68,907.53,852.23
893,1.16,176.38,494.61,658.05,741.74,827.42,858.07,903.23,939.71,947.51,955.19
894,1.19,238.67,500.95,681.96,764.33,904.54,868.47,934.79,876.46,976.8,944.81
895,1.27,237.05,586.3,673.78,797.8,869.21,848.94,953.91,957.51,967.72,976.44
896,1.02,13.4,79.46,150.62,222.57,212.63,315.81,372.6,357.06,443.97,457.66
897,1.08,83.47,234.42,412.29,464.41,577.71,641.78,702.53,713.36,812.65,800.34
898,1.03,109.81,187.52,439.68,438.66,595.26,699.5,753.21,673.0,823.24,779.36
899,1.07,74.44,236.71,403.82,518.7,550.93,709.07,814.88,834.9,813.5,925.37
900,1.0,47.13,126.66,236.87,315.08,318.72,375.41,492.89,510.39,567.24,673.75
901,1.16,163.22,448.22,682.71,753.05,846.41,877.73,884.11,947.63,936.58,1015.64
902,1.02,40.99,379.11,499.52,567.18,625.59,721.32,755.59,825.09,864.53,903.01
903,1.09,122.13,400.08,559.86,695.9,779.06,799.58,863.92,854.07,863.71,904.76
904,1.06,162.32,351.72,542.92,622.09,634.94,818.46,753.77,824.19,915.68,904.75
905,1.01,18.5,103.0,201.95,289.69,386.14,492.8,373.7,499.38,515.61,562.41
906,1.14,116.57,454.75,605.89,741.75,848.55,858.75,884.95,906.38,956.91,893.03
907,1.26,186.23,595.98,745.48,751.35,828.42,877.85,963.57,936.6,946.05,956.52
908,1.06,65.76,156.85,247.2,325.6,338.52,544.83,411.43,540.0,568.04,530.61
909,1.19,87.72,407.87,525.32,641.38,779.91,837.7,884.49,846.64,905.77,976.35
910,1.05,67.41,227.74,386.44,352.15,463.42,630.2,691.36,712.96,660.18,708.5
911,1.1,146.65,455.21,622.59,715.31,847.62,816.81,894.85,896.37,966.83,976.85
912,1.03,29.17,164.99,298.25,279.32,365.41,436.39,502.42,540.01,556.35,636.02
913,1.2,113.7,258.9,419.63,605.52,750.92,583.25,793.94,826.19,822.98,841.29
914,1.04,123.73,266.8,428.75,463.72,558.82,593.7,642.95,765.88,638.37,853.21
915,1.01,52.43,174.19,212.02,306.1,356.73,484.76,610.91,438.76,548.23,676.6
916,1.02,40.24,140.99,244.88,240.98,376.0,474.76,482.54,601.57,597.9,603.87
917,1.03,28.88,86.24,150.45,279.61,337.77,356.12,422.14,407.91,576.71,551.41
918,1.04,89.77,274.41,420.95,504.58,597.96,682.43,623.49,743.01,689.36,717.31
919,1.11,209.39,533.35,637.88,741.63,750.29,858.05,895.13,866.46,968.17,954.27
920,1.02,114.79,257.49,382.04,447.13,539.55,641.55,764.35,764.94,710.65,789.16
921,1.06,181.88,337.99,515.3,623.17,644.71,721.44,774.56,804.06,936.15,779.57
922,1.11,126.49,320.98,555.52,694.71,799.29,739.85,833.61,855.08,894.47,935.28
923,1.04,116.86,332.02,506.3,652.71,758.54,788.0,753.51,782.53,864.53,862.8
924,1.03,79.46,252.04,358.56,500.89,482.12,563.89,702.94,712.41,688.79,800.86
925,1.02,94.81,202.73,307.51,363.42,414.66,484.3,521.71,611.27,619.94,696.51
926,1.05,61.11,235.98,369.32,411.36,587.28,662.91,663.94,722.59,752.07,770.19
927,1.08,131.85,259.43,438.57,538.6,664.3,660.27,673.72,693.09,793.21,811.33
928,1.07,114.28,383.72,561.66,613.51,771.38,748.95,792.9,804.52,831.55,872.55
929,1.07,141.09,281.07,447.4,493.24,693.76,721.67,794.82,805.82,803.78,831.9
930,1.05,45.34,165.97,297.72,363.27,366.99,543.65,614.06,611.75,689.43,685.77
931,1.07,154.89,407.53,507.56,641.49,732.83,759.44,873.64,887.0,874.42,892.99
932,1.08,57.34,232.62,297.98,558.4,589.09,593.06,613.5,663.01,710.64,808.65
933,1.01,34.72,196.03,220.95,326.16,500.87,424.13,494.21,529.92,659.97,488.04
934,1.11,88.67,335.65,534.72,641.06,647.29,711.14,752.86,847.55,874.31,934.17
935,1.15,167.96,483.78,489.34,688.32,789.23,749.96,874.79,885.66,936.16,872.4
936,1.02,134.24,298.41,421.35,576.49,680.91,699.23,733.68,802.71,824.67,778.86
937,1.1,102.52,359.3,473.81,548.15,684.51,663.35,763.34,814.9,771.88,862.71
938,1.04,63.02,79.76,306.88,306.4,328.07,413.57,583.01,448.4,577.0,644.27
939,1.08,205.16,486.15,612.98,686.32,721.6,698.93,906.35,845.28,999.43,953.02
940,1.07,132.02,353.14,517.56,623.02,596.74,788.9,771.73,855.92,875.27,882.89
941,1.06,136.03,376.03,551.24,658.79,673.43,681.69,813.92,817.74,945.98,933.57
942,1.03,89.99,273.78,430.19,493.09,608.55,692.83,784.12,775.57,854.54,797.05
943,1.05,82.93,260.02,438.74,576.62,654.9,642.0,734.15,701.53,825.14,874.29
944,1.23,284.19,542.52,673.34,800.18,817.08,848.68,934.19,925.01,905.87,954.75
945,1.11,144.85,433.14,550.57,695.95,750.11,799.51,813.05,884.02,895.23,925.0
946,1.02,23.63,165.96,176.25,289.3,327.3,484.67,442.77,500.36,557.45,571.68
947,1.03,6.91,126.77,176.48,253.29,270.96,376.29,423.43,540.09,637.99,542.38
948,1.0,7.19,71.43,123.68,299.62,299.29,298.07,413.22,407.87,485.86,603.3
949,1.09,92.69,330.29,529.02,713.18,721.01,789.62,894.18,856.41,904.65,923.97
950,1.06,157.66,204.6,438.18,483.21,471.87,593.33,603.52,602.38,731.49,748.71
951,1.1,129.4,290.74,578.6,650.07,712.39,778.59,874.92,866.18,844.11,933.57
952,1.09,192.99,508.21,701.59,716.37,807.57,858.4,883.09,978.79,957.25,902.89
953,1.16,169.15,438.21,656.59,687.61,818.65,876.36,894.04,866.34,865.45,943.36
954,1.03,58.06,126.28,315.64,288.07,480.32,493.89,493.18,559.87,515.87,675.69
955,1.0,39.64,109.26,220.27,335.62,347.02,396.17,502.81,551.15,619.16,623.93
956,1.21,179.05,546.11,645.69,769.47,835.64,871.23,881.82,927.61,945.79,976.84
957,1.09,234.8,531.0,648.92,698.06,771.97,808.07,865.06,854.97,926.34,965.0
958,1.02,85.25,140.84,263.29,186.23,366.36,433.54,512.52,591.18,597.6,633.45
959,1.02,102.97,314.09,420.7,567.05,644.16,718.8,683.19,836.02,783.85,811.09
960,1.0,119.36,312.89,427.97,539.34,538.43,601.66,732.99,754.64,762.9,737.2
961,1.05,140.98,403.94,544.87,713.98,731.86,800.18,863.01,824.45,927.09,893.8
962,1.04,159.84,329.51,490.22,594.31,655.81,650.37,823.07,835.9,884.85,787.44
963,1.01,58.95,142.29,237.08,297.64,366.86,503.59,511.53,643.94,596.56,530.51
964,1.07,150.19,306.23,578.26,595.9,694.05,739.78,784.38,833.47,842.96,850.53
965,1.0,35.16,156.96,236.67,410.77,481.8,423.68,542.49,487.49,526.17,603.41
966,1.04,40.56,197.29,351.13,556.47,424.38,640.63,602.34,805.83,731.76,882.73
967,1.09,104.98,344.72,447.19,566.03,627.53,856.6,733.83,845.38,834.59,926.46
968,1.03,101.46,245.62,343.45,455.85,444.69,513.72,673.66,755.1,700.06,768.57
969,1.01,51.49,173.08,237.03,307.2,327.21,435.28,502.97,489.92,444.15,520.47
970,1.01,12.02,243.86,289.8,399.86,367.69,455.0,451.6,581.27,567.27,582.86
971,1.02,23.83,94.21,158.21,308.47,346.02,375.53,413.31,449.16,537.39,602.98
972,1.01,29.17,126.01,219.08,251.64,290.38,494.37,434.16,367.26,535.77,634.22
973,1.07,67.5,298.07,410.95,510.26,519.97,563.49,622.76,693.09,752.55,717.76
974,1.05,142.22,367.66,448.92,559.6,693.48,711.7,780.63,804.99,884.38,853.42
975,1.19,236.97,515.11,674.11,818.87,778.42,937.65,864.2,956.88,914.91,956.48
976,1.04,34.7,133.63,177.98,279.61,442.62,455.5,473.33,540.11,464.01,593.16
977,1.08,155.27,352.43,447.59,582.61,626.46,699.59,754.7,815.53,832.9,893.96
978,1.04,78.71,321.03,484.18,595.18,750.16,710.45,762.99,732.18,825.25,914.03
979,1.09,136.35,385.24,475.75,661.47,760.62,730.21,863.74,875.3,832.82,862.52
980,1.19,245.12,524.37,621.19,752.7,844.66,827.49,834.2,915.74,908.26,946.17
981,1.02,131.43,338.66,377.65,556.53,635.85,730.74,792.44,763.92,813.72,830.09
982,1.18,195.08,537.6,675.38,731.65,769.67,799.0,923.21,905.99,956.27,924.61
983,1.04,79.51,150.08,300.16,428.67,501.43,542.76,583.04,661.54,720.3,736.49
984,1.15,90.51,346.58,518.88,631.62,723.19,749.85,744.85,845.9,833.68,904.69
985,1.07,86.25,290.19,421.62,512.15,606.66,709.04,704.31,662.81,835.34,801.69
986,1.06,120.74,329.16,456.89,595.16,770.63,769.87,802.94,876.55,865.49,894.13
987,1.1,80.82,196.91,457.51,538.93,531.29,760.63,754.48,723.73,855.14,820.88
988,1.04,62.37,256.99,353.25,547.9,606.68,652.0,724.11,784.22,803.9,820.29
989,1.15,86.91,226.72,490.7,596.14,646.25,748.46,744.15,815.84,865.55,851.36
990,1.04,23.61,149.87,186.37,287.85,442.89,473.58,403.69,550.2,566.87,581.96
991,1.09,125.61,351.74,553.85,668.08,654.76,849.18,872.92,905.53,887.0,914.36
992,1.04,94.98,233.34,404.2,473.44,636.55,731.91,754.37,784.56,752.93,727.54
993,1.02,41.27,205.44,297.2,512.82,512.4,594.0,622.56,774.33,636.97,810.59
994,1.16,246.47,618.81,682.21,780.79,877.17,867.45,913.47,928.19,957.08,976.11
995,1.17,212.44,469.17,672.14,742.58,798.89,752.26,924.3,926.3,969.22,976.83
996,1.08,12.43,135.41,247.39,279.87,520.27,493.72,514.5,530.63,629.55,748.47
997,1.01,17.65,125.87,289.31,326.17,299.74,406.76,504.17,591.34,557.0,634.29
998,1.03,106.48,229.2,405.54,401.59,489.91,632.86,722.93,671.92,722.01,758.73
999,1.03,28.28,142.15,228.35,335.7,357.67,464.58,453.11,510.67,547.55,665.07
1000,1.18,180.11,391.25,640.21,649.99,710.93,780.25,733.05,804.11,906.24,863.25
1001,1.12,120.18,382.64,483.15,520.65,664.12,661.77,694.69,806.17,772.85,822.47
1002,1.03,103.08,355.35,527.99,621.63,626.17,691.02,844.37,834.68,903.79,874.06
1003,1.09,75.16,353.21,612.03,662.52,771.34,778.52,852.76,897.05,936.68,925.27
1004,1.19,154.19,453.17,552.09,800.19,837.23,826.46,924.43,904.0,956.76,996.96
1005,1.02,63.17,204.14,220.48,260.61,453.4,436.13,463.29,580.9,555.82,613.99
1006,1.11,100.71,409.32,499.52,603.53,672.66,692.57,793.26,825.72,874.83,873.11
1007,1.05,107.64,189.61,316.8,410.46,559.13,532.15,694.17,713.6,750.59,717.23
1008,1.09,123.99,454.6,534.19,696.78,787.6,798.66,772.83,875.76,866.39,883.35
1009,1.07,99.11,376.19,562.87,548.6,723.02,779.21,773.73,845.83,813.28,851.72
1010,1.03,118.11,312.45,421.04,520.04,618.02,701.43,653.96,702.71,834.42,842.73
1011,1.0,62.38,119.69,219.46,437.55,492.71,454.59,452.89,519.52,514.93,685.81
1012,1.11,96.63,312.71,367.89,557.95,624.93,701.65,722.38,805.11,772.62,821.24
1013,1.03,51.73,220.44,307.34,456.46,483.42,611.29,744.93,672.17,679.33,788.51
1014,1.06,45.42,134.31,220.11,335.74,414.45,315.89,493.26,488.37,525.29,570.69
1015,1.01,80.92,221.12,357.45,493.71,433.71,651.41,641.18,742.8,691.01,768.16
1016,1.02,58.92,205.05,386.14,511.73,528.93,642.36,682.96,724.9,731.94,821.04
1017,1.01,23.57,111.84,185.09,308.62,377.49,444.34,382.68,571.34,535.46,613.57
1018,1.08,34.68,184.65,386.1,567.56,560.14,633.15,734.07,804.34,834.43,810.27
1019,1.06,187.38,445.65,498.79,687.2,803.02,808.93,875.04,885.11,925.13,922.84
1020,1.03,34.16,173.34,307.57,372.2,481.78,435.65,471.5,562.1,505.56,655.51
1021,1.01,108.92,259.12,386.24,521.49,566.76,688.95,713.25,701.87,762.69,841.81
1022,1.05,108.91,468.91,525.76,575.85,683.67,818.95,792.94,815.64,915.31,883.36
1023,1.06,95.16,276.1,436.4,521.0,587.66,620.95,753.3,802.88,823.68,832.49
1024,1.07,69.5,244.84,438.76,427.78,605.35,582.93,633.46,640.47,781.95,790.08
1025,1.16,165.18,417.02,613.81,632.53,808.78,810.36,885.48,926.96,947.5,883.56
1026,1.07,116.51,271.14,351.69,398.94,675.21,552.67,733.18,683.89,731.26,717.61
1027,1.0,18.11,47.35,166.27,261.02,278.89,316.78,463.62,458.3,464.58,542.61
1028,1.03,24.9,141.56,220.4,335.98,375.99,454.51,441.6,447.82,484.0,551.98
1029,1.04,24.36,157.59,210.4,313.67,385.32,445.6,533.92,542.23,599.27,634.16
1030,1.02,73.2,125.21,298.31,354.1,424.13,534.3,614.66,692.3,699.97,716.37
1031,1.08,90.37,353.16,543.71,669.8,741.36,778.63,722.78,845.28,853.51,821.82
1032,1.02,68.18,156.37,237.09,409.55,435.06,424.08,532.9,530.56,649.11,551.01
1033,1.11,195.86,367.6,456.69,548.02,702.37,809.5,784.09,895.99,781.7,892.43
1034,1.13,197.7,514.62,696.61,762.18,829.28,868.22,873.37,918.16,946.93,946.07
1035,1.04,106.53,283.33,469.99,594.21,615.56,661.0,723.85,732.75,824.44,862.71
1036,1.06,123.17,392.23,509.3,631.34,763.09,839.23,873.63,877.16,896.39,872.85
1037,1.06,120.27,448.16,598.0,631.61,836.51,827.86,866.99,906.02,865.4,974.74
1038,1.13,118.69,391.04,640.8,742.89,743.46,858.2,854.83,804.53,968.08,916.33
1039,1.03,57.4,157.44,211.03,362.83,394.84,454.54,541.5,529.21,659.92,634.28
1040,1.06,141.57,329.78,518.24,568.71,691.49,754.7,771.81,814.37,834.0,893.27
1041,1.09,35.11,157.44,245.96,289.36,405.47,423.89,492.42,498.72,556.37,613.77
1042,1.12,159.96,414.63,701.97,741.25,858.38,856.67,912.21,917.23,924.54,1006.61
1043,1.02,35.64,141.48,256.4,352.53,366.47,425.95,532.98,550.64,628.81,603.31
1044,1.07,152.3,392.22,560.82,714.9,731.47,781.26,754.67,866.61,948.54,883.04
1045,1.04,71.88,249.81,297.8,455.78,608.59,572.86,643.3,693.02,681.55,654.59
1046,1.01,58.37,313.56,412.58,436.63,616.98,571.66,614.42,611.18,824.51,728.15
1047,1.03,25.01,128.44,299.37,252.11,454.25,494.17,502.66,582.0,648.17,686.18
1048,1.04,41.32,179.63,280.78,445.27,472.6,504.5,572.4,672.12,627.34,779.48
1049,1.11,112.41,352.35,510.01,632.97,769.92,710.22,834.4,927.96,895.25,863.0
1050,1.04,56.42,228.25,316.65,363.56,482.23,554.29,583.09,703.51,711.83,737.42
1051,1.04,6.93,48.07,105.98,150.85,165.03,178.67,212.3,297.19,351.5,396.99
1052,1.1,96.35,268.11,476.34,555.66,740.64,768.43,793.72,864.71,843.33,913.69
1053,1.02,51.07,321.41,439.0,549.45,724.34,719.91,785.04,805.33,877.17,883.93
1054,1.01,39.98,228.36,309.05,326.44,415.87,414.3,582.83,469.82,546.46,561.99
1055,1.04,17.5,95.37,114.65,185.65,155.76,315.63,352.26,419.18,484.67,530.94
1056,1.02,23.23,172.01,201.78,308.45,279.84,435.87,473.31,449.25,648.79,521.23
1057,1.06,72.98,305.68,403.88,558.93,656.01,622.01,644.54,774.72,832.31,851.74
1058,1.01,51.32,173.46,211.75,270.42,404.99,425.55,503.42,540.34,627.4,666.52
1059,1.05,80.29,210.64,308.37,419.69,491.56,551.98,634.0,683.07,834.18,769.07
1060,1.09,79.31,234.86,326.13,334.02,520.63,571.5,582.22,671.11,648.71,748.32
1061,1.08,101.11,392.33,413.14,485.57,617.25,771.58,752.72,713.64,844.62,790.35
1062,1.04,34.32,234.41,334.11,492.93,512.3,632.57,672.53,743.52,701.76,696.44
1063,1.05,12.38,109.42,114.8,196.47,222.18,306.84,301.7,417.85,454.85,488.52
1064,1.08,39.35,158.39,308.64,372.0,511.06,495.27,591.82,663.01,669.33,757.68
1065,1.13,59.84,320.77,569.91,454.67,665.15,769.89,834.11,856.63,833.66,882.9
1066,1.26,182.39,448.44,639.08,807.79,848.74,917.13,915.28,916.52,946.25,996.51
1067,1.08,102.26,259.05,439.11,501.7,598.03,740.5,873.36,712.56,751.67,819.44
1068,1.09,141.53,485.55,577.5,743.22,809.32,907.59,943.81,905.91,977.62,997.53
1069,1.09,121.6,401.4,519.51,659.71,750.61,787.48,836.06,864.09,866.19,924.02
1070,1.07,74.33,126.12,263.78,362.44,463.07,465.62,513.82,540.84,576.31,686.94
1071,1.0,17.5,79.76,123.21,149.92,240.48,257.83,333.03,409.06,443.42,488.91
1072,1.17,46.02,257.13,289.55,482.33,502.98,425.79,605.01,723.46,762.23,748.37
1073,1.02,51.21,110.38,254.74,269.96,347.22,503.81,532.79,489.22,515.66,593.43
1074,1.03,51.2,213.65,342.03,475.09,568.32,660.93,583.68,661.82,741.17,770.47
1075,1.02,34.32,125.86,193.76,279.57,317.26,397.63,371.35,469.11,506.27,520.15
1076,1.03,17.32,174.51,203.4,270.25,347.37,474.11,582.54,469.74,577.18,488.23
1077,1.12,114.56,417.01,579.96,734.57,894.52,868.66,844.04,887.41,896.7,915.6
1078,1.03,41.07,182.35,288.53,381.2,453.26,622.98,642.69,672.18,638.46,777.98
1079,1.02,51.11,236.93,386.8,511.3,559.55,680.03,695.23,713.43,783.77,801.79
1080,1.01,34.34,126.14,246.93,195.58,414.49,485.62,472.96,469.45,546.64,572.26
1081,1.01,22.29,134.54,185.31,382.68,300.06,317.51,532.48,530.37,516.14,582.45
1082,1.01,24.91,166.22,246.08,317.35,416.23,505.24,472.28,560.43,556.29,530.63
1083,1.05,73.35,253.92,422.15,548.26,645.51,761.26,655.2,814.15,894.18,893.12
1084,1.01,12.3,56.04,149.32,214.58,290.46,356.27,422.48,489.38,503.97,508.64
1085,1.02,34.5,188.25,309.63,355.84,464.41,553.76,622.71,653.18,723.23,697.76
1086,1.04,45.39,165.8,274.11,464.83,654.23,643.35,802.87,702.53,803.21,706.92
1087,1.04,18.25,118.57,167.75,364.04,339.0,465.6,493.66,560.52,659.73,623.4
1088,1.06,12.83,188.53,220.36,354.35,377.52,405.84,462.85,561.37,649.24,654.34
1089,1.03,29.13,140.39,291.46,344.28,376.77,542.89,552.3,672.85,723.3,719.24
1090,1.01,12.97,62.89,88.48,205.24,212.23,296.68,261.85,386.75,474.33,427.62
1091,1.02,34.87,102.71,288.54,233.17,395.69,424.01,432.24,459.56,618.3,540.12
1092,1.04,18.26,70.98,177.64,279.74,309.46,345.4,482.56,530.59,494.63,613.23
1093,1.0,50.74,86.54,211.45,326.19,375.85,483.41,422.54,438.69,556.89,530.98
1094,1.04,28.83,222.41,334.07,435.67,481.61,631.78,652.97,652.14,689.42,675.29
1095,1.04,6.7,110.37,220.86,345.31,307.88,375.95,393.28,509.52,423.94,468.16
1096,1.03,52.59,265.95,316.34,454.11,558.01,720.82,674.7,744.46,845.53,790.38
1097,1.08,205.56,486.17,649.93,743.66,788.31,859.53,924.47,917.29,906.53,977.2
1098,1.02,6.93,31.47,193.61,150.45,232.28,278.04,413.14,368.06,340.26,394.97
1099,1.01,90.4,211.3,317.96,484.51,511.91,622.2,642.95,732.86,772.65,706.78
1100,1.01,57.35,134.72,239.06,353.58,385.43,446.14,472.48,529.24,517.01,614.24
1101,1.02,30.52,118.38,210.59,290.03,404.47,443.11,421.85,448.42,587.57,612.85
1102,1.01,6.85,40.05,61.95,122.14,136.62,168.71,301.95,255.87,269.45,436.29
1103,1.02,1.25,56.1,124.25,176.39,204.59,297.98,392.69,407.62,464.08,541.9
1104,1.17,62.49,377.99,614.05,661.12,779.65,886.43,883.59,885.81,966.75,944.51
1105,1.01,11.7,95.03,159.34,288.97,241.97,444.65,392.49,551.02,526.12,581.74
1106,1.07,45.35,158.22,221.18,288.51,289.77,415.87,443.38,560.21,566.86,633.93
1107,1.03,45.18,117.43,167.53,215.04,346.34,394.56,503.91,540.72,547.14,645.14
1108,1.0,53.54,173.15,202.57,225.19,367.5,464.79,463.65,448.81,535.99,623.93
1109,1.0,28.86,118.72,210.01,252.63,394.66,484.69,442.43,428.77,557.11,665.03
1110,1.0,16.9,167.02,246.74,260.65,317.78,376.52,472.36,499.14,640.22,518.82
1111,1.06,90.96,383.71,491.2,656.88,722.34,721.14,905.44,896.26,904.74,893.44
1112,1.04,56.53,190.57,208.83,336.24,461.65,593.37,613.28,682.8,660.22,759.26
1113,1.0,44.55,110.18,229.84,252.0,356.19,347.16,483.59,450.01,546.56,594.21
1114,1.03,28.08,134.18,149.49,148.71,289.64,297.03,403.12,479.23,525.76,531.22
1115,1.02,68.14,78.94,255.21,307.07,327.65,454.63,401.9,467.77,526.2,478.23
1116,1.02,27.86,109.24,141.26,335.52,279.76,376.74,392.15,580.89,577.89,572.05
1117,1.01,17.56,48.98,105.52,159.03,299.82,286.68,341.8,377.54,525.81,365.55
1118,1.0,28.41,40.14,123.85,186.85,223.16,356.08,381.86,480.27,555.62,478.48
1119,1.02,23.68,102.37,176.1,223.84,327.87,317.19,382.59,457.67,381.85,478.62
1120,1.0,6.78,32.5,141.88,140.55,202.67,237.45,302.69,388.11,351.51,426.2
1121,1.01,6.53,87.43,123.39,176.68,338.15,317.25,321.5,408.38,463.04,365.52
1122,1.05,17.87,80.44,202.97,298.62,393.75,326.7,553.41,498.62,638.75,614.1
1123,1.0,51.86,148.85,193.81,351.09,318.75,365.68,451.22,460.7,536.79,540.28
1124,1.02,6.81,31.34,106.99,65.81,164.77,209.16,261.62,357.49,351.15,396.2
1125,1.02,33.7,62.61,141.66,250.68,290.34,326.74,492.72,519.4,475.12,448.87
1126,1.01,17.64,94.33,211.39,243.56,337.86,453.43,403.25,428.68,413.53,519.51
1127,1.02,6.82,71.13,245.86,205.09,328.52,375.87,401.5,489.83,536.72,468.53
1128,1.03,24.42,79.85,167.43,269.95,251.02,386.75,403.43,376.57,514.88,458.79
1129,1.01,12.16,39.35,79.95,206.32,241.64,277.17,422.79,448.41,444.23,520.02
1130,1.0,12.55,32.31,142.2,243.05,261.22,286.37,321.9,397.79,422.75,499.96
1131,1.01,7.11,48.49,124.33,112.55,251.6,356.15,393.02,398.97,484.34,613.28
1132,1.02,1.09,16.46,62.04,141.29,137.36,169.15,182.9,265.54,372.12,250.23
